universe,sample,family,signal_label,horizon,n_events,n_effective,mean_return,median_return,hit_rate,t_stat,p_value,p_fdr
pool,Full,standalone_bbwp,bbwp_down98_after_downtrend,10,492,249,0.01614253879774542,0.012078624853679498,0.5943775100401606,2.894324714966628,0.004138119797269761,0.013241983351263234
pool,Full,standalone_bbwp,bbwp_down98_after_downtrend,20,490,247,0.01679755470294413,0.005761948008316464,0.5303643724696356,2.4395614915049233,0.01541249390028935,0.027399989156069955
pool,Full,standalone_bbwp,bbwp_down98_after_downtrend,30,486,244,0.04171125073583325,0.012337104263819731,0.5655737704918032,1.8026376905846193,0.0726841153995261,0.10572234967203796
pool,Full,standalone_bbwp,bbwp_down98_after_downtrend,60,470,234,0.07037354206308517,0.02886146304143619,0.5683760683760684,3.6729347567064137,0.0002974510569272495,0.002379608455417996
pool,Full,standalone_bbwp,bbwp_down98_after_uptrend,10,493,334,0.006170255756333057,-0.0005318864952246205,0.4880239520958084,0.9495471218316401,0.3430310341418694,0.3920354675907079
pool,Full,standalone_bbwp,bbwp_down98_after_uptrend,20,489,332,0.004726388689625455,-0.003191349789882253,0.48493975903614456,0.6873935970651954,0.492316086700867,0.5251371591475915
pool,Full,standalone_bbwp,bbwp_down98_after_uptrend,30,487,330,0.005184546271999522,0.0032543708379211833,0.5121212121212121,0.5850052859160387,0.5589451533991514,0.5589451533991514
pool,Full,standalone_bbwp,bbwp_down98_after_uptrend,60,470,316,0.024396613175431927,-0.014822467644448167,0.4462025316455696,1.496048275149222,0.13564228543427706,0.18085638057903608
pool,Full,standalone_bbwp,bbwp_highturn_after_downtrend,10,1253,423,0.010175174152046398,0.009066158390608203,0.5721040189125296,2.704709306628629,0.007113069607465219,0.01625844481706336
pool,Full,standalone_bbwp,bbwp_highturn_after_downtrend,20,1246,416,0.01906802992245479,0.0013224049137805852,0.5096153846153846,3.3175526690001456,0.0009881238668250762,0.004007404474835887
pool,Full,standalone_bbwp,bbwp_highturn_after_downtrend,30,1240,411,0.03772980151682761,0.00576070873937895,0.5182481751824818,2.783435260016527,0.005627476102661628,0.015006602940431006
pool,Full,standalone_bbwp,bbwp_highturn_after_downtrend,60,1199,395,0.0728230996533464,0.03848723172912594,0.6177215189873417,4.964048775233253,1.0297267662545397e-06,1.6475628260072635e-05
pool,Full,standalone_bbwp,bbwp_highturn_after_uptrend,10,1256,557,0.016864950419544562,0.005425076629556713,0.5601436265709157,3.307582845758516,0.0010018511187089717,0.004007404474835887
pool,Full,standalone_bbwp,bbwp_highturn_after_uptrend,20,1248,553,0.014425374624790311,0.00717103943809394,0.5443037974683544,2.592964869503349,0.009767553269411934,0.019535106538823867
pool,Full,standalone_bbwp,bbwp_highturn_after_uptrend,30,1244,549,0.008233268232289323,0.006195817919867563,0.5318761384335154,1.1324856179143883,0.25792559491373446,0.3174468860476732
pool,Full,standalone_bbwp,bbwp_highturn_after_uptrend,60,1200,525,0.04329611238706121,-0.01389052273942415,0.4514285714285714,2.3843493193751324,0.017464188059604577,0.027942700895367323
pool,Full,pmarp_combo,pmarp_up2_base,30,2447,600,0.026325812757782775,0.00835671869100297,0.5433333333333333,4.350606485584608,1.5959045229849252e-05,7.979522614924627e-05
pool,Full,pmarp_combo,pmarp_up2_base,60,2303,572,0.06176415025747176,0.020660941914873,0.5716783216783217,4.943713098050776,1.0090235120234335e-06,1.0090235120234336e-05
pool,Full,pmarp_combo,pmarp_up2_accept_down98_same_day,30,44,31,0.011452321641008808,-0.027901473199738014,0.41935483870967744,0.37199344473215,0.7125125250925762,0.7871339866836525
pool,Full,pmarp_combo,pmarp_up2_accept_down98_same_day,60,41,28,0.14346557774341204,0.01224871301571917,0.6071428571428571,1.4216626447952287,0.16657318715287325,0.25532751381743246
pool,Full,pmarp_combo,pmarp_up2_accept_down98_recent3,30,67,47,-0.009605778823896224,-0.0353855304907549,0.40425531914893614,-0.271614208158612,0.7871339866836525,0.7871339866836525
pool,Full,pmarp_combo,pmarp_up2_accept_down98_recent3,60,60,41,0.17249480914834892,0.02229776560820751,0.5609756097560976,1.738693261069821,0.08978133171609273,0.17956266343218547
pool,Full,pmarp_combo,pmarp_up2_accept_highturn_same_day,30,157,66,0.06735601772088252,0.018040714769627854,0.5454545454545454,1.3593625669072666,0.1787292596722027,0.25532751381743246
pool,Full,pmarp_combo,pmarp_up2_accept_highturn_same_day,60,152,62,0.1685186117923523,0.021264292008595642,0.6290322580645161,2.3492986652276358,0.022063005658379466,0.05515751414594866
pool,Full,pmarp_combo,pmarp_up2_accept_highturn_recent3,30,185,85,0.04453514062792706,0.016529500978400558,0.5294117647058824,1.0648918214845582,0.28997635881417344,0.3624704485177168
pool,Full,pmarp_combo,pmarp_up2_accept_highturn_recent3,60,175,77,0.1739504569822178,0.02229776560820751,0.6103896103896104,2.517786981857804,0.013913772825334835,0.04637924275111612
pool,IS,standalone_bbwp,bbwp_down98_after_downtrend,10,221,114,0.01640222169375505,0.012849374464046937,0.6228070175438597,2.865012509730861,0.004973395532758732,0.01989358213103493
pool,IS,standalone_bbwp,bbwp_down98_after_downtrend,20,221,114,0.020677343129417953,0.008942224467868631,0.5877192982456141,2.3314801376057344,0.02150055068680571,0.04300110137361142
pool,IS,standalone_bbwp,bbwp_down98_after_downtrend,30,221,114,0.030217787727282133,0.015326090121942748,0.6228070175438597,2.394949680875076,0.018267017743731094,0.0417531834142425
pool,IS,standalone_bbwp,bbwp_down98_after_downtrend,60,221,114,0.05434398141441977,0.03673749110451116,0.6052631578947368,3.047078962446559,0.0028771187680959563,0.01989358213103493
pool,IS,standalone_bbwp,bbwp_down98_after_uptrend,10,214,133,0.0067146992974031665,-0.004924466319544962,0.45112781954887216,0.7242184506644921,0.47021327358984333,0.5787240290336533
pool,IS,standalone_bbwp,bbwp_down98_after_uptrend,20,214,133,0.0017579442062782744,-0.010954862296021606,0.43609022556390975,0.17289359833564558,0.8629998903645589,0.8629998903645589
pool,IS,standalone_bbwp,bbwp_down98_after_uptrend,30,214,133,-0.0034252810963076906,-0.006246022809917595,0.47368421052631576,-0.3040212476273382,0.7615904296683829,0.8123631249796084
pool,IS,standalone_bbwp,bbwp_down98_after_uptrend,60,214,133,-0.016787651680066046,-0.008663909109599022,0.45864661654135336,-1.0916326275647446,0.2769831014718555,0.4028845112317898
pool,IS,standalone_bbwp,bbwp_highturn_after_downtrend,10,537,190,0.011097441107225648,0.011103542152806508,0.6,2.517159660235399,0.012661643854894843,0.033764383613052916
pool,IS,standalone_bbwp,bbwp_highturn_after_downtrend,20,537,190,0.02133049231677793,0.008568414987579903,0.5736842105263158,2.8661596375294116,0.004625891881330899,0.01989358213103493
pool,IS,standalone_bbwp,bbwp_highturn_after_downtrend,30,537,190,0.028011821973191138,0.016545479422805986,0.5736842105263158,2.6975775913486384,0.00761638624170411,0.024372435973453153
pool,IS,standalone_bbwp,bbwp_highturn_after_downtrend,60,537,190,0.050828474356004585,0.0396700265229083,0.6578947368421053,3.8196989374454744,0.0001811219836108861,0.0028979517377741774
pool,IS,standalone_bbwp,bbwp_highturn_after_uptrend,10,495,209,0.013590080972889483,0.0022779049671439733,0.5311004784688995,2.088019979086114,0.03801341249641051,0.06757939999361869
pool,IS,standalone_bbwp,bbwp_highturn_after_uptrend,20,495,209,0.006166142138798327,-0.006098269206203673,0.45454545454545453,0.7664706376673245,0.4442653272109869,0.5787240290336533
pool,IS,standalone_bbwp,bbwp_highturn_after_uptrend,30,495,209,-0.005262033275385167,-0.002675795343908993,0.49282296650717705,-0.6011558985355351,0.5483907212603923,0.6267322528690198
pool,IS,standalone_bbwp,bbwp_highturn_after_uptrend,60,495,209,-0.023513387477118758,-0.00874715109600055,0.4688995215311005,-1.9473611704448583,0.05283749408936092,0.08453999054297748
pool,IS,pmarp_combo,pmarp_up2_base,30,1259,307,0.021685049278340734,0.006508735458579107,0.5374592833876222,3.112421207949028,0.002030827716792361,0.010154138583961804
pool,IS,pmarp_combo,pmarp_up2_base,60,1259,307,0.033312576590046904,0.017519600200663454,0.5863192182410424,3.5129355758809795,0.0005100174084558959,0.0051001740845589595
pool,IS,pmarp_combo,pmarp_up2_accept_down98_same_day,30,13,11,0.04190688079598141,0.024067615054670477,0.6363636363636364,1.3548779113276206,0.2052721504940098,0.20527215049400976
pool,IS,pmarp_combo,pmarp_up2_accept_down98_same_day,60,13,11,0.09942568616524189,0.11155198965728713,0.7272727272727273,1.9772491985389244,0.07622051368756544,0.10888644812509349
pool,IS,pmarp_combo,pmarp_up2_accept_down98_recent3,30,20,16,0.043420064656875215,0.01996851502104896,0.5625,1.5741566961400557,0.13630322287721597,0.15144802541912886
pool,IS,pmarp_combo,pmarp_up2_accept_down98_recent3,60,20,16,0.07525435127639833,0.1080942612229602,0.625,1.6471326605112873,0.1203146222705649,0.15039327783820614
pool,IS,pmarp_combo,pmarp_up2_accept_highturn_same_day,30,41,30,0.06742530033056396,0.023908958486242783,0.6666666666666666,2.0140794264588724,0.053360618541895125,0.08893436423649187
pool,IS,pmarp_combo,pmarp_up2_accept_highturn_same_day,60,41,30,0.09488959661380961,0.055517232382602213,0.7333333333333333,2.245543037053057,0.03252349450164538,0.06578573517084366
pool,IS,pmarp_combo,pmarp_up2_accept_highturn_recent3,30,50,37,0.06472165700476115,0.024067615054670477,0.6486486486486487,2.2934701342089174,0.02776571071408983,0.06578573517084366
pool,IS,pmarp_combo,pmarp_up2_accept_highturn_recent3,60,50,37,0.08140293531092449,0.05420587047093117,0.6756756756756757,2.218798720731435,0.03289286758542183,0.06578573517084366
pool,OOS,standalone_bbwp,bbwp_down98_after_downtrend,10,271,135,0.01592325101889284,0.011082004326269823,0.5703703703703704,1.7494482240242328,0.08250298327209014,0.1466719702614936
pool,OOS,standalone_bbwp,bbwp_down98_after_downtrend,20,269,133,0.013472021765966569,-0.00229024820980576,0.48120300751879697,1.3073382132700557,0.19337049692198433,0.25782732922931245
pool,OOS,standalone_bbwp,bbwp_down98_after_downtrend,30,265,130,0.05179013368179345,0.006701114626948751,0.5153846153846153,1.2313422358395558,0.22043500346490322,0.2713046196491117
pool,OOS,standalone_bbwp,bbwp_down98_after_downtrend,60,249,120,0.0856016246793173,0.018983329378411445,0.5333333333333333,2.5685254419654613,0.011449796680884415,0.03663934937883013
pool,OOS,standalone_bbwp,bbwp_down98_after_uptrend,10,279,201,0.005810002069953335,0.001116023784226483,0.5124378109452736,0.6525115508625244,0.5148204974528927,0.5148204974528927
pool,OOS,standalone_bbwp,bbwp_down98_after_uptrend,20,275,199,0.006710323947339901,0.005262675768078262,0.5175879396984925,0.724683553654413,0.4695016752027657,0.5008017868829501
pool,OOS,standalone_bbwp,bbwp_down98_after_uptrend,30,273,197,0.010997272363293219,0.006950300198975912,0.5380710659898477,0.8621577340427606,0.3896543384851172,0.4453192439829911
pool,OOS,standalone_bbwp,bbwp_down98_after_uptrend,60,256,183,0.054328346649646295,-0.01621049813076736,0.4371584699453552,2.117269810753178,0.035595296847104774,0.0949207915922794
pool,OOS,standalone_bbwp,bbwp_highturn_after_downtrend,10,716,233,0.009423110969711386,0.006739613433487475,0.5493562231759657,1.620381071626684,0.10650883211621845,0.1651381905308815
pool,OOS,standalone_bbwp,bbwp_highturn_after_downtrend,20,709,226,0.017165959767935335,-0.005267916697487468,0.4557522123893805,2.0090076802053645,0.04573109555917467,0.10404292055528457
pool,OOS,standalone_bbwp,bbwp_highturn_after_downtrend,30,703,221,0.04608462555886803,-0.004108859635663066,0.47058823529411764,1.953555576713005,0.05202146027764228,0.10404292055528457
pool,OOS,standalone_bbwp,bbwp_highturn_after_downtrend,60,662,205,0.09320836212405344,0.029033602036465433,0.5804878048780487,3.671186636332751,0.0003082956342973391,0.004932730148757425
pool,OOS,standalone_bbwp,bbwp_highturn_after_uptrend,10,761,348,0.018831754196414998,0.010789751585014676,0.5775862068965517,2.6267908530163777,0.009001638227972408,0.03663934937883013
pool,OOS,standalone_bbwp,bbwp_highturn_after_uptrend,20,753,344,0.019443338547965674,0.013977339025353386,0.5988372093023255,2.597494950271875,0.009795227443299206,0.03663934937883013
pool,OOS,standalone_bbwp,bbwp_highturn_after_uptrend,30,749,340,0.016528909453183353,0.010527406466110945,0.5558823529411765,1.5866134320569214,0.11353250598998102,0.1651381905308815
pool,OOS,standalone_bbwp,bbwp_highturn_after_uptrend,60,705,316,0.08748340818330683,-0.014885259586337116,0.439873417721519,3.0328762547665553,0.0026237162701254597,0.020989730161003677
pool,OOS,pmarp_combo,pmarp_up2_base,30,1188,293,0.031188319202112826,0.010795019804068051,0.5494880546075085,3.1133345234002157,0.0020333534984628564,0.010166767492314282
pool,OOS,pmarp_combo,pmarp_up2_base,60,1044,265,0.09472502994011113,0.02730021652585465,0.5547169811320755,3.8662220517894417,0.00013923676360597128,0.0013923676360597128
pool,OOS,pmarp_combo,pmarp_up2_accept_down98_same_day,30,31,20,-0.005297685894226123,-0.05187014350273772,0.3,-0.11842835674038031,0.9069713612088786,0.9069713612088786
pool,OOS,pmarp_combo,pmarp_up2_accept_down98_same_day,60,28,17,0.1719619781763457,0.007169056788961209,0.5294117647058824,1.043580208675988,0.31219159949420117,0.5203193324903354
pool,OOS,pmarp_combo,pmarp_up2_accept_down98_recent3,30,47,31,-0.036973956104294374,-0.05266302885511909,0.3225806451612903,-0.7198903167882049,0.4771640629597637,0.5964550786997046
pool,OOS,pmarp_combo,pmarp_up2_accept_down98_recent3,60,40,25,0.23472870218639727,0.011696879027266238,0.52,1.4654985202332373,0.15576435858205334,0.3115287171641067
pool,OOS,pmarp_combo,pmarp_up2_accept_highturn_same_day,30,116,36,0.06729828221281466,-0.023480444819667295,0.4444444444444444,0.7727038139202239,0.44488474463480954,0.5964550786997046
pool,OOS,pmarp_combo,pmarp_up2_accept_highturn_same_day,60,111,32,0.23754581352223603,0.007219113698917146,0.53125,1.7838336709344749,0.08424360726481772,0.2106090181620443
pool,OOS,pmarp_combo,pmarp_up2_accept_highturn_recent3,30,135,48,0.028974700920784108,-0.031318572053669794,0.4375,0.407592137911307,0.6854238022019242,0.7615820024465825
pool,OOS,pmarp_combo,pmarp_up2_accept_highturn_recent3,60,125,40,0.2595569145281641,0.01647456018453808,0.55,2.028938159324104,0.049330420116520717,0.16443473372173573
extended,Full,standalone_bbwp,bbwp_down98_after_downtrend,10,1814,530,0.002500714750540179,0.002263292123628524,0.5245283018867924,1.124009342569968,0.26151885518829643,0.4649224092236381
extended,Full,standalone_bbwp,bbwp_down98_after_downtrend,20,1796,522,0.002016917854052004,-0.0006593229668817452,0.4942528735632184,0.5728959872090985,0.5669622807664398,0.6148136126474042
extended,Full,standalone_bbwp,bbwp_down98_after_downtrend,30,1766,512,0.008101992285468172,0.00228650090196945,0.51953125,1.757432951124646,0.07944281248110911,0.2208534228215414
extended,Full,standalone_bbwp,bbwp_down98_after_downtrend,60,1709,493,0.01633601995650183,0.00821619030911399,0.5354969574036511,2.1015275723608124,0.0361026079866179,0.15362464183348112
extended,Full,standalone_bbwp,bbwp_down98_after_uptrend,10,1634,607,0.002691775797831448,0.003583229475371097,0.5337726523887973,1.169437557247087,0.24268714456742707,0.4649224092236381
extended,Full,standalone_bbwp,bbwp_down98_after_uptrend,20,1628,603,0.0007636020524940182,-0.0009844268514722643,0.49585406301824214,0.24551416743490848,0.8061420148415958,0.8061420148415958
extended,Full,standalone_bbwp,bbwp_down98_after_uptrend,30,1621,599,0.002261480916313035,-0.001244592510903475,0.4958263772954925,0.6023929359756425,0.5471409570281096,0.6148136126474042
extended,Full,standalone_bbwp,bbwp_down98_after_uptrend,60,1546,575,0.008091405023401022,-0.007757587023365524,0.4643478260869565,0.9909944072986407,0.3221058688564512,0.5153693901703219
extended,Full,standalone_bbwp,bbwp_highturn_after_downtrend,10,4756,765,-0.0009465280903492418,0.0005419297004834456,0.5111111111111111,-0.558908773249983,0.5763877618569414,0.6148136126474042
extended,Full,standalone_bbwp,bbwp_highturn_after_downtrend,20,4716,756,0.0023847291677739904,-0.003961074790331708,0.46825396825396826,0.7881290195294965,0.43086861565981394,0.5744914875464185
extended,Full,standalone_bbwp,bbwp_highturn_after_downtrend,30,4649,746,0.003279595974334302,0.003941484705066944,0.5227882037533512,0.9109212003102881,0.3626315283716902,0.527464041267913
extended,Full,standalone_bbwp,bbwp_highturn_after_downtrend,60,4485,719,0.010724542314624039,0.006552840466648698,0.5257301808066759,2.074311764564026,0.03840616045837028,0.15362464183348112
extended,Full,standalone_bbwp,bbwp_highturn_after_uptrend,10,3937,807,0.0037884802237321854,0.002416415111780257,0.5353159851301115,2.0960234450833575,0.03639142024862891,0.15362464183348112
extended,Full,standalone_bbwp,bbwp_highturn_after_uptrend,20,3925,800,0.003639869782132618,-0.0003656505723130194,0.4975,1.4395768345522693,0.1503788163704323,0.34372300884670237
extended,Full,standalone_bbwp,bbwp_highturn_after_uptrend,30,3909,795,0.005314689667014764,0.0033168849589126914,0.5245283018867924,1.736744947546384,0.08282003355807803,0.2208534228215414
extended,Full,standalone_bbwp,bbwp_highturn_after_uptrend,60,3720,765,0.020895363755420383,-0.007170851604725599,0.4797385620915033,2.5999373840380344,0.009504163412036717,0.15206661459258747
extended,Full,pmarp_combo,pmarp_up2_base,30,8216,894,0.010333349716214447,0.0013364277374232612,0.5111856823266219,3.1305740526109465,0.0018013873999634545,0.009006936999817272
extended,Full,pmarp_combo,pmarp_up2_base,60,7829,865,0.029898630822161123,0.015915970228767007,0.5653179190751445,5.405225328963243,8.37754539137191e-08,8.377545391371911e-07
extended,Full,pmarp_combo,pmarp_up2_accept_down98_same_day,30,126,73,0.02599594497261437,0.004048450339296017,0.5205479452054794,0.945284013047095,0.3476754420597727,0.4345943025747159
extended,Full,pmarp_combo,pmarp_up2_accept_down98_same_day,60,119,68,0.07001435560179375,0.017549156306189806,0.6176470588235294,1.598857916851221,0.11455780598947411,0.2255803528061525
extended,Full,pmarp_combo,pmarp_up2_accept_down98_recent3,30,234,122,0.005068131530948184,-0.007268065903273608,0.45081967213114754,0.2668927311292722,0.7900060810336013,0.7900060810336013
extended,Full,pmarp_combo,pmarp_up2_accept_down98_recent3,60,219,113,0.06650886709270512,0.019087372595852803,0.584070796460177,1.7693209548201358,0.07956211619258635,0.19890529048146588
extended,Full,pmarp_combo,pmarp_up2_accept_highturn_same_day,30,533,157,0.01422990469784554,-0.006358868708411292,0.4585987261146497,0.9738109840371351,0.33165797888714543,0.4345943025747159
extended,Full,pmarp_combo,pmarp_up2_accept_highturn_same_day,60,514,148,0.033492303273413494,0.003990472386704308,0.527027027027027,1.5015892987667152,0.1353482116836915,0.2255803528061525
extended,Full,pmarp_combo,pmarp_up2_accept_highturn_recent3,30,652,198,0.009363457333352705,-0.004832599790782377,0.47474747474747475,0.7291620285653463,0.46676856089099256,0.5186317343233251
extended,Full,pmarp_combo,pmarp_up2_accept_highturn_recent3,60,621,185,0.04356397764659237,0.005243008017758788,0.518918918918919,1.7942019452206435,0.07442271882969151,0.19890529048146588
extended,IS,standalone_bbwp,bbwp_down98_after_downtrend,10,913,224,0.005581859452086473,0.000605150468878074,0.5089285714285714,1.7797323490346606,0.07648157251407527,0.13720934247276928
extended,IS,standalone_bbwp,bbwp_down98_after_downtrend,20,913,224,0.007198109021691007,0.0016527252958078256,0.5223214285714286,1.4301389150418826,0.15407674850437686,0.24652279760700296
extended,IS,standalone_bbwp,bbwp_down98_after_downtrend,30,913,224,0.015332315871111163,0.006547620291553405,0.5491071428571429,2.246413879111579,0.025657273089768753,0.09804342307204446
extended,IS,standalone_bbwp,bbwp_down98_after_downtrend,60,913,224,0.014901188889475392,0.01343653228013632,0.5758928571428571,1.7754936682472715,0.07718025514093271,0.13720934247276928
extended,IS,standalone_bbwp,bbwp_down98_after_uptrend,10,685,239,0.0024987063001491046,0.0058691656175045015,0.5564853556485355,0.7014829218134985,0.48368703686073616,0.6449160491476482
extended,IS,standalone_bbwp,bbwp_down98_after_uptrend,20,685,239,-0.0025569935581276505,0.003761456410088404,0.5188284518828452,-0.6027471128644375,0.5472508229630507,0.6735394744160624
extended,IS,standalone_bbwp,bbwp_down98_after_uptrend,30,685,239,-0.0007806639862930295,0.0028194988708372857,0.5188284518828452,-0.15473735441143802,0.8771595221038705,0.8900285615329725
extended,IS,standalone_bbwp,bbwp_down98_after_uptrend,60,685,239,-0.014747219161137139,-0.009252108734951081,0.45188284518828453,-1.9488991567813416,0.0524824901184385,0.11995997741357371
extended,IS,standalone_bbwp,bbwp_highturn_after_downtrend,10,2346,331,0.007640293663579927,0.003129460893427921,0.552870090634441,3.181514932808477,0.0016042636302676893,0.025668218084283028
extended,IS,standalone_bbwp,bbwp_highturn_after_downtrend,20,2346,331,0.009296587991422408,-0.0009372366898611206,0.4984894259818731,2.1039217225534608,0.03614157567104874,0.09804342307204446
extended,IS,standalone_bbwp,bbwp_highturn_after_downtrend,30,2346,331,0.01356880194575252,0.007974403305324099,0.5498489425981873,2.328442484187945,0.020492333096375045,0.09804342307204446
extended,IS,standalone_bbwp,bbwp_highturn_after_downtrend,60,2346,331,0.01592962552615786,0.012820856571450046,0.5800604229607251,2.096865405594833,0.036766283652016674,0.09804342307204446
extended,IS,standalone_bbwp,bbwp_highturn_after_uptrend,10,1527,322,0.00032677258707525974,0.001347927735456857,0.5248447204968945,0.138377857698633,0.8900285615329725,0.8900285615329725
extended,IS,standalone_bbwp,bbwp_highturn_after_uptrend,20,1527,322,-0.0017341118246994825,-0.0036788987532314493,0.468944099378882,-0.52242969812929,0.6017315353667959,0.6876931832763382
extended,IS,standalone_bbwp,bbwp_highturn_after_uptrend,30,1527,322,-0.0031739707583191227,0.000265667247264285,0.5093167701863354,-0.8168696068169325,0.41460877480501357,0.6030673088072924
extended,IS,standalone_bbwp,bbwp_highturn_after_uptrend,60,1527,322,-0.014078720827208825,-0.016155262683799902,0.422360248447205,-2.3039107481802854,0.021866030647620275,0.09804342307204446
extended,IS,pmarp_combo,pmarp_up2_base,30,4352,439,0.011316198578506048,0.0020896267356026307,0.5216400911161732,2.3701736768709507,0.01821200177533407,0.09106000887667035
extended,IS,pmarp_combo,pmarp_up2_base,60,4352,439,0.022560591299167158,0.015499774558427803,0.5763097949886105,4.1945916814705955,3.3102937199969584e-05,0.00033102937199969585
extended,IS,pmarp_combo,pmarp_up2_accept_down98_same_day,30,59,35,0.018349713926968388,0.008690516520286407,0.5714285714285714,1.5161226477750787,0.13873153835868468,0.2668220612718858
extended,IS,pmarp_combo,pmarp_up2_accept_down98_same_day,60,59,35,0.02183954623631332,0.004049226696890303,0.5714285714285714,1.2678722666473468,0.21345764901750863,0.2668220612718858
extended,IS,pmarp_combo,pmarp_up2_accept_down98_recent3,30,119,55,0.005458839117755192,0.008240856838575339,0.5272727272727272,0.564460757617673,0.5747778704304386,0.5747778704304386
extended,IS,pmarp_combo,pmarp_up2_accept_down98_recent3,60,119,55,0.017527443726225837,0.019087372595852803,0.6181818181818182,1.3461467576673873,0.18387929654542756,0.2668220612718858
extended,IS,pmarp_combo,pmarp_up2_accept_highturn_same_day,30,273,74,0.01683163052892803,-0.005264837160540839,0.47297297297297297,1.1604601426778522,0.24964257308709015,0.2773806367634335
extended,IS,pmarp_combo,pmarp_up2_accept_highturn_same_day,60,273,74,0.026299721362299144,0.014075423777229704,0.5540540540540541,1.543483201023246,0.12703778314260977,0.2668220612718858
extended,IS,pmarp_combo,pmarp_up2_accept_highturn_recent3,30,337,92,0.016050648572382174,0.004654800157457352,0.5108695652173914,1.307673555175155,0.1942781204197811,0.2668220612718858
extended,IS,pmarp_combo,pmarp_up2_accept_highturn_recent3,60,337,92,0.03157935033123257,0.01606159789046696,0.5652173913043478,2.0562875769131566,0.042618653793864786,0.14206217931288262
extended,OOS,standalone_bbwp,bbwp_down98_after_downtrend,10,901,306,0.0002452362762056377,0.00284515170263247,0.5359477124183006,0.07929293910300718,0.9368516210379277,0.9368516210379277
extended,OOS,standalone_bbwp,bbwp_down98_after_downtrend,20,883,298,-0.001877668795448457,-0.0035986580106096705,0.47315436241610737,-0.3859479192904652,0.6998115546188068,0.7464656582600606
extended,OOS,standalone_bbwp,bbwp_down98_after_downtrend,30,853,288,0.0024784072744125185,-0.0022838248501486896,0.4965277777777778,0.39753059702021076,0.6912717278307383,0.7464656582600606
extended,OOS,standalone_bbwp,bbwp_down98_after_downtrend,60,796,269,0.017530823521609354,0.001045219124943153,0.5018587360594795,1.410444080138144,0.15956820325210888,0.364727321719106
extended,OOS,standalone_bbwp,bbwp_down98_after_uptrend,10,949,368,0.002817166042250145,0.0018347109827573334,0.5190217391304348,0.9345921954989627,0.35061301281387336,0.5980671128121111
extended,OOS,standalone_bbwp,bbwp_down98_after_uptrend,20,943,364,0.0029438832363912126,-0.0027108488135280107,0.4807692307692308,0.6790392341259833,0.49754571501810607,0.6123639569453613
extended,OOS,standalone_bbwp,bbwp_down98_after_uptrend,30,936,360,0.004281127115543173,-0.003736533587445079,0.48055555555555557,0.8115061685663103,0.4176127587294254,0.6074367399700733
extended,OOS,standalone_bbwp,bbwp_down98_after_uptrend,60,861,336,0.024336735916569544,-0.005089593719346558,0.4732142857142857,1.8966333013134082,0.05873638087015981,0.15663034898709283
extended,OOS,standalone_bbwp,bbwp_highturn_after_downtrend,10,2410,434,-0.00749546357548877,-0.002841479395084362,0.4792626728110599,-3.2439292777885065,0.0012702481361328787,0.01016198508906303
extended,OOS,standalone_bbwp,bbwp_highturn_after_downtrend,20,2370,425,-0.002998389116055718,-0.006783598014919789,0.4447058823529412,-0.7270306382892312,0.4676084001098107,0.6123639569453613
extended,OOS,standalone_bbwp,bbwp_highturn_after_downtrend,30,2303,415,-0.004926975535399266,0.0005207941440100727,0.5012048192771085,-1.1024274025638943,0.27091635387855517,0.5418327077571103
extended,OOS,standalone_bbwp,bbwp_highturn_after_downtrend,60,2139,388,0.006284123389320703,-0.0021190157583582335,0.4793814432989691,0.8904231066310452,0.37379194550756945,0.5980671128121111
extended,OOS,standalone_bbwp,bbwp_highturn_after_uptrend,10,2410,485,0.00608676859281163,0.004096197410172682,0.5422680412371134,2.374764801777119,0.01794898130366712,0.07179592521466847
extended,OOS,standalone_bbwp,bbwp_highturn_after_uptrend,20,2398,478,0.007259999651170142,0.0016024111422807377,0.5167364016736402,2.0245515994612915,0.04347009823388755,0.13910431434844014
extended,OOS,standalone_bbwp,bbwp_highturn_after_uptrend,30,2382,473,0.0110934394703076,0.005288031970107854,0.5348837209302325,2.524328655065175,0.011918786224559174,0.0635668598643156
extended,OOS,standalone_bbwp,bbwp_highturn_after_uptrend,60,2193,443,0.04631670740238787,0.005389926437440043,0.5214446952595937,3.556383890722866,0.00041660202178996325,0.006665632348639412
extended,OOS,pmarp_combo,pmarp_up2_base,30,3864,455,0.009385062572157276,0.00019567249367880013,0.5010989010989011,2.0536312626953857,0.0405836405649934,0.20291820282496703
extended,OOS,pmarp_combo,pmarp_up2_base,60,3477,426,0.03746060112872064,0.0159616729038749,0.5539906103286385,3.8370630210363994,0.00014341097721963161,0.0014341097721963163
extended,OOS,pmarp_combo,pmarp_up2_accept_down98_same_day,30,67,38,0.033038526198867255,-0.015448796801460052,0.47368421052631576,0.6357767239276546,0.5288350960066852,0.7554787085809789
extended,OOS,pmarp_combo,pmarp_up2_accept_down98_same_day,60,60,33,0.12110885038336387,0.03418036203296497,0.6666666666666666,1.3730185854106283,0.1792921423271289,0.4482303558178222
extended,OOS,pmarp_combo,pmarp_up2_accept_down98_recent3,30,115,67,0.004747401422375262,-0.019386532857495142,0.3880597014925373,0.14054642773502443,0.8886563394326024,0.8886563394326024
extended,OOS,pmarp_combo,pmarp_up2_accept_down98_recent3,60,100,58,0.11295676856091821,0.017549156306189806,0.5517241379310345,1.5695685526135144,0.12205068044007425,0.40683560146691417
extended,OOS,pmarp_combo,pmarp_up2_accept_highturn_same_day,30,260,83,0.011910293715916582,-0.010683160702433747,0.4457831325301205,0.4857163164177766,0.6284636783819276,0.7855795979774095
extended,OOS,pmarp_combo,pmarp_up2_accept_highturn_same_day,60,241,74,0.04068488518452786,-0.002896535829038066,0.5,0.9833311334554864,0.3286923965470179,0.5478206609116965
extended,OOS,pmarp_combo,pmarp_up2_accept_highturn_recent3,30,315,106,0.0035594800315535443,-0.014834116611106202,0.44339622641509435,0.1652631525752423,0.8690546242209493,0.8886563394326024
extended,OOS,pmarp_combo,pmarp_up2_accept_highturn_recent3,60,284,93,0.05541973800157198,-0.014003245198474734,0.4731182795698925,1.206024237987163,0.2309005578803139,0.4618011157606278
