universe,return_type,signal_label,horizon,n_events_raw,n_events_dedup,n_events_scored,n_effective,mean_event_return,median_event_return,hit_rate_event,p10_event_return,p25_event_return,p75_event_return,p90_event_return,mean_cluster_return,median_cluster_return,hit_rate_cluster,t_stat,p_value,p_fdr
pool,raw,rvol_up2_all,5,5853,4854,4834,1001,0.009077264284449472,0.004043737047101703,0.538063715349607,-0.06908994830476801,-0.027134284966289418,0.03813411809957512,0.08436791029625021,0.011167894266603123,0.006856391179228205,0.5594405594405595,3.8680283835608744,0.00011681564022264954,0.0002123920731320901
pool,raw,rvol_up2_all,10,5853,4248,4219,960,0.016870763767715385,0.008594983336256856,0.560322351268073,-0.08517591364575146,-0.0326929555690742,0.053672989155268414,0.11403255398130632,0.020606936420154043,0.009717698384753264,0.5729166666666666,5.4179368477580105,7.626331433735447e-08,6.101065146988358e-07
pool,raw,rvol_up2_all,20,5853,3417,3382,888,0.027963422066762774,0.015549977501400192,0.5668243642814902,-0.11274715354349531,-0.04893615504521265,0.08192346304417564,0.1672637196611667,0.028208136803083577,0.01720602381351083,0.5720720720720721,6.0869452055450965,1.7112069701469216e-09,2.2816092935292288e-08
pool,raw,rvol_up2_all,40,5853,2380,2311,800,0.0505802000611922,0.022169437846397466,0.5564690610125487,-0.1585365853658537,-0.0684907839353745,0.12488779174147213,0.2597165707871476,0.05166696455480332,0.02552855165170198,0.58,6.4569833467609214,1.852875985572966e-10,7.411503942291865e-09
pool,raw,rvol_up2_base_proxy,5,589,567,565,261,0.00010442799126669307,0.0008411092127742492,0.5097345132743363,-0.05193201510775377,-0.020290098049899563,0.02383258282285383,0.04935732240761635,-0.001759564638460183,0.0010740417533732227,0.5095785440613027,-0.4502828828740858,0.6528817060019914,0.6528817060019914
pool,raw,rvol_up2_base_proxy,10,589,558,556,257,0.006040475411038154,0.003811618377478454,0.5323741007194245,-0.07568481108933539,-0.02915071276199635,0.043033289640812655,0.07729760865882118,0.005883426446212798,-0.0022652388797363976,0.48638132295719844,1.1294727901983634,0.2597556578467309,0.2808169274018712
pool,raw,rvol_up2_base_proxy,20,589,538,534,249,0.009220568693494868,0.009276370239194143,0.5393258426966292,-0.10326629789910834,-0.048053861743722726,0.06133488374797019,0.11208947210554704,0.00781799259868303,0.0063888130974371704,0.5220883534136547,1.1377588294181176,0.25631919975436757,0.2808169274018712
pool,raw,rvol_up2_base_proxy,40,589,492,476,217,0.026453539603081992,0.015921604498381536,0.5567226890756303,-0.13530918178084023,-0.05956971142219572,0.09019583996822866,0.18311008452677502,0.026325783111063837,0.017897091722595126,0.5576036866359447,2.4206683769259922,0.01631849595069825,0.021056123807352584
pool,raw,rvol_up2_churn_proxy,5,1483,1354,1344,635,0.011109257416010826,0.0034310896066224172,0.5372023809523809,-0.07801724468288938,-0.0309001843410594,0.04098998467735876,0.09157734612801673,0.012806878373271978,0.006181511660578787,0.5637795275590551,3.2217686243363195,0.001339246161021364,0.0020603787092636373
pool,raw,rvol_up2_churn_proxy,10,1483,1257,1244,603,0.022656153522893848,0.010743871587058584,0.5779742765273312,-0.08960624057315233,-0.0335735275847292,0.05913005527858456,0.13644495393862213,0.021625392008595798,0.00902683081414346,0.5704809286898839,4.3748778327181865,1.4320177215279918e-05,2.864035443055984e-05
pool,raw,rvol_up2_churn_proxy,20,1483,1143,1128,567,0.0332655131848838,0.009726435748955153,0.5407801418439716,-0.12302538352634612,-0.051803309627353133,0.08076053548955209,0.1974598122499317,0.03735123714957059,0.016730663741086005,0.5537918871252204,4.861988483870043,1.5076227803341761e-06,5.815984346575497e-06
pool,raw,rvol_up2_churn_proxy,40,1483,1013,991,521,0.042084523633414604,0.007592775631233728,0.515640766902119,-0.19173885484893294,-0.08561911512207976,0.11886757065477305,0.2582247051520794,0.048763191525034555,0.008884940026654853,0.5393474088291746,4.493124579961383,8.656206911924423e-06,1.923601535983205e-05
pool,raw,rvol_up2_panic_proxy,5,1600,1461,1455,596,0.008296008747162168,0.005814566043742975,0.5498281786941581,-0.06693044547370901,-0.02776626202766641,0.0420603611343332,0.0849158500332132,0.0026294784647139867,0.0034425851731016755,0.5335570469798657,1.1022233671224038,0.27081021343716477,0.2850633825654366
pool,raw,rvol_up2_panic_proxy,10,1600,1364,1354,577,0.014469909940774687,0.009786746570952243,0.5679468242245199,-0.0811753152150137,-0.031027864377306313,0.05565305337819815,0.10625531354120808,0.008825109311021876,0.00771641553336716,0.5493934142114385,2.5525374626968156,0.010950966610526584,0.014601288814035444
pool,raw,rvol_up2_panic_proxy,20,1600,1217,1202,540,0.029646815143486573,0.017821487146158166,0.5873544093178037,-0.09941145810948009,-0.04686148722622452,0.08595425470676565,0.17598739836464353,0.02334210032819417,0.011824603933766942,0.562962962962963,4.537811755567515,7.013843122678705e-06,1.6503160288655776e-05
pool,raw,rvol_up2_panic_proxy,40,1600,1056,1022,493,0.051939729374870146,0.01925221059481219,0.5636007827788649,-0.14851927135732168,-0.06514946164714211,0.12872706929802236,0.27118907366285383,0.03899919026180525,0.01609871896705406,0.5679513184584178,4.993892664322479,8.231636037043949e-07,3.658504905352866e-06
pool,raw,rvol_up2_pmarp_high,5,1784,1577,1566,675,0.010425666331975968,0.003571767476691079,0.5395913154533845,-0.07710763641307056,-0.029439699792960627,0.03974677950145905,0.08876281307245792,0.013195567966072736,0.005130855395265699,0.557037037037037,3.4267854553177948,0.0006478796639078905,0.0010797994398464843
pool,raw,rvol_up2_pmarp_high,10,1784,1448,1434,640,0.021944115422491778,0.01000098455519327,0.5767085076708508,-0.08633263374294614,-0.032471572798347004,0.0568644711204489,0.1331172563235371,0.0225150778865029,0.009237552443946528,0.565625,4.720346470662046,2.8950103639481698e-06,7.72002763719512e-06
pool,raw,rvol_up2_pmarp_high,20,1784,1300,1284,602,0.030616678819535354,0.011995963711012747,0.543613707165109,-0.12133264779230275,-0.050618601379855716,0.07848615906597411,0.18470631781029553,0.03560187171929623,0.017126892078175193,0.5631229235880398,4.828797418790437,1.744795303972649e-06,5.815984346575497e-06
pool,raw,rvol_up2_pmarp_high,40,1784,1139,1115,553,0.04012651629013981,0.010542168674698926,0.5210762331838565,-0.1846798230770817,-0.08191566040055148,0.11522393781651641,0.2393402222494865,0.045123542209397904,0.01645591001422969,0.5497287522603979,4.553756965544737,6.488816525217451e-06,1.6222041313043628e-05
pool,raw,rvol_up2_pmarp_low,5,2101,1805,1799,636,0.009254793842475878,0.0066873656556007965,0.556420233463035,-0.06364728719250026,-0.024923057330224374,0.04081273855448897,0.08160059817103439,0.0036433672638798713,0.002851298651591949,0.5267295597484277,1.5763210602203441,0.11544986451598269,0.13582337001880318
pool,raw,rvol_up2_pmarp_low,10,2101,1651,1641,611,0.015963453422908905,0.010558924861742813,0.5703839122486288,-0.07883714112454665,-0.029658232007886975,0.055374592833876246,0.10641658118823139,0.011111778578077701,0.007638958208885642,0.5499181669394435,3.3687668696881534,0.0008026405304645891,0.0012842248487433426
pool,raw,rvol_up2_pmarp_low,20,2101,1458,1442,566,0.03122362753444741,0.02124764702684445,0.5957004160887656,-0.09648931778527986,-0.04217933122366216,0.08607325315326264,0.1698359691680846,0.02377049489507399,0.013394858379046293,0.5600706713780919,4.749406861331391,2.5898172184644876e-06,7.399477767041393e-06
pool,raw,rvol_up2_pmarp_low,40,2101,1210,1170,521,0.05522222634677977,0.02859625489966111,0.5794871794871795,-0.13954020492836886,-0.06147899666792192,0.1283835362688287,0.26177113707038707,0.040008244921609266,0.020887761039573988,0.5700575815738963,5.030955758113554,6.732700814042834e-07,3.366350407021417e-06
pool,raw,rvol_up2_pmarp_mid,5,1968,1827,1821,682,0.007215391587872052,0.002591046494889948,0.5216913783635365,-0.06907575703150248,-0.027639050420742883,0.03318176232026526,0.07932203389830517,0.010513024042608973,0.003413999429469239,0.5234604105571847,3.148389441863384,0.0017134385040937852,0.0025384274134722744
pool,raw,rvol_up2_pmarp_mid,10,1968,1738,1730,660,0.012025348091216477,0.005123404964681111,0.5341040462427745,-0.09053581595222612,-0.03561591341061121,0.051428872071016984,0.10738079949109428,0.015024081696103357,0.005778759322933687,0.5287878787878788,3.587796598100463,0.00035819963740082214,0.0006229558911318646
pool,raw,rvol_up2_pmarp_mid,20,1968,1577,1563,621,0.024241322945741696,0.015269164625566711,0.5585412667946257,-0.11745839798703799,-0.05002383197098409,0.07954817442012263,0.1622681858632638,0.026208695358811856,0.0187283894063468,0.5652173913043478,4.458360035554062,9.803819754291296e-06,2.0639620535350098e-05
pool,raw,rvol_up2_pmarp_mid,40,1968,1307,1269,547,0.043652927247398186,0.025670352014232956,0.5650118203309693,-0.15348017393568852,-0.06530579538852943,0.11472760849492158,0.2344026550344333,0.04014599039670297,0.0271483763182625,0.5904936014625228,4.775093735767449,2.310442287608576e-06,7.109053192641772e-06
pool,raw,rvol_up2_sign_flat,5,1083,1026,1024,406,0.004163050594664739,0.0032255763658622927,0.5341796875,-0.053306905039512895,-0.01944714656290525,0.027897913869527557,0.05539893298965084,0.0029495358844847893,0.002927369125436674,0.5270935960591133,0.8215644846641059,0.41180817413961707,0.4223673580919149
pool,raw,rvol_up2_sign_flat,10,1083,990,988,394,0.00861898956444618,0.006931943477969438,0.5526315789473685,-0.07501963952730943,-0.026446091854199494,0.04363023030488655,0.08249595634249439,0.010240542370435016,0.006245684874409468,0.5279187817258884,2.3746256526622767,0.018046124311022427,0.022557655388778033
pool,raw,rvol_up2_sign_flat,20,1083,931,928,375,0.013072143907662597,0.014802328560222344,0.5549568965517241,-0.1020889801336159,-0.04471475097696609,0.0663562258865314,0.11890565629424635,0.013201315933974821,0.010614024041814763,0.536,2.1909517637065163,0.029071751587356143,0.0352384867725529
pool,raw,rvol_up2_sign_flat,40,1083,812,791,330,0.028373615996607014,0.020432827431140943,0.5600505689001264,-0.1325831349635721,-0.05896892231534179,0.09688325313395596,0.19582754868485241,0.02744447509917771,0.020397108013962335,0.5575757575757576,2.8059175071275724,0.005316069194676982,0.00759438456382426
pool,raw,rvol_up2_sign_neg,5,2344,2163,2153,741,0.00874873039145626,0.005221566472813022,0.5434277751973989,-0.07010542681684379,-0.02958108770210688,0.04113110539845777,0.08677386411438825,0.0033801140120186556,0.004833487511563428,0.5371120107962213,1.3153744447567421,0.18879149871722434,0.21576171281968495
pool,raw,rvol_up2_sign_neg,10,2344,2014,1998,720,0.014249485203414828,0.00911397477192244,0.5570570570570571,-0.08803769313634315,-0.034694315816241994,0.05438859010350189,0.11431117505538303,0.009433264480372638,0.007658127551332994,0.55,2.698958324158969,0.007119027161690553,0.009819347809228348
pool,raw,rvol_up2_sign_neg,20,2344,1763,1742,676,0.027216323307296588,0.016556092153911628,0.5717566016073479,-0.11389388386963417,-0.05288649931772105,0.08467863449274404,0.17028356591479563,0.024239602678722945,0.01070640414320792,0.5606508875739645,4.826791774903329,1.717244752275381e-06,5.815984346575497e-06
pool,raw,rvol_up2_sign_neg,40,2344,1438,1393,602,0.04541909095049847,0.01397649558462244,0.5491744436468055,-0.16091323815504063,-0.07222334614606518,0.12102858357241542,0.25877888099395274,0.04012117088871864,0.021662245010490733,0.5813953488372093,5.137696341197601,3.764787119740767e-07,2.1513069255661527e-06
pool,raw,rvol_up2_sign_pos,5,2426,2199,2189,777,0.01023131469095536,0.003378817413905111,0.5299223389675651,-0.07824906014063812,-0.03110192266245282,0.039854532352577854,0.09263934212846346,0.01585111710393246,0.006009847142731228,0.5637065637065637,4.273498470949198,2.1635788730040476e-05,4.121102615245805e-05
pool,raw,rvol_up2_sign_pos,10,2426,2025,2012,745,0.021460444693965363,0.009292927555715647,0.5616302186878728,-0.08785716866576708,-0.035000354373928316,0.059773420789529186,0.1344563693510614,0.02567188810880978,0.00946041924604081,0.5785234899328859,5.307801174858112,1.4658522007665904e-07,9.772348005110603e-07
pool,raw,rvol_up2_sign_pos,20,2426,1793,1777,702,0.033936684935793895,0.01394873292923382,0.562183455261677,-0.11802327558889973,-0.04804548685145693,0.08442243688611084,0.20250729605673595,0.036371388060053134,0.021470013982938796,0.5769230769230769,6.228881228220285,8.097609169237872e-10,1.6195218338475746e-08
pool,raw,rvol_up2_sign_pos,40,2426,1468,1437,637,0.054223700959949606,0.028765342960288764,0.5560194850382741,-0.16858742209045496,-0.06951219512195117,0.1333194169015064,0.2764944272861124,0.05247959743239359,0.02550693492760711,0.5588697017268446,5.612617641792372,2.9775310737115447e-08,2.9775310737115446e-07
pool,excess_spy,rvol_up2_all,5,5853,4854,4834,1001,0.005819730501355717,0.0009271984752537987,0.5103434009102192,-0.06086679514574962,-0.02695580777651474,0.02972000136551972,0.07006093396220744,0.00869987049858825,0.0015433127269448565,0.5244755244755245,3.1867999578930517,0.0014831561820324024,0.003295902626738672
pool,excess_spy,rvol_up2_all,10,5853,4248,4219,960,0.011135869303288354,0.0028461670343418177,0.5214505807063285,-0.07671044356895806,-0.034211076744037616,0.04166055918403366,0.09708487930282178,0.015727505217170517,0.004173093013667913,0.54375,4.4052694723680865,1.1754971737561243e-05,9.403977390048994e-05
pool,excess_spy,rvol_up2_all,20,5853,3417,3382,888,0.016426736561844422,0.0021614203575467394,0.5106445890005914,-0.10280096002401015,-0.04841434940260403,0.06063101226274978,0.13602364955887353,0.019461785944374272,0.00877076182633661,0.5574324324324325,4.658393483331538,3.674879286825298e-06,4.8998390491003974e-05
pool,excess_spy,rvol_up2_all,40,5853,2380,2311,800,0.03086719427582928,0.003737768465823965,0.5110341843357854,-0.15423048057167654,-0.07595065199457657,0.09488143955204847,0.20322489814555422,0.03825573772291055,0.010456190166305123,0.5375,5.170124472702024,2.9588398893919007e-07,1.1835359557567603e-05
pool,excess_spy,rvol_up2_base_proxy,5,589,567,565,261,-0.003570214788352172,-0.004793141006665724,0.44778761061946903,-0.04426706667466928,-0.024270956933219456,0.016142649592931768,0.042621550384185275,-0.003377942552806884,-0.004080953947338539,0.4521072796934866,-0.9203866478905436,0.35822389965484297,0.43421078746041575
pool,excess_spy,rvol_up2_base_proxy,10,589,558,556,257,0.0012735598288468029,-0.0040999920148032665,0.46223021582733814,-0.05801946989896645,-0.031062210131994256,0.028656180410008947,0.06764966503459446,0.0026874611032884628,-0.0011308741620612572,0.48249027237354086,0.5594704924188083,0.5763298083640077,0.6586626381302945
pool,excess_spy,rvol_up2_base_proxy,20,589,538,534,249,-5.813450488341426e-05,-0.005198728048292356,0.46629213483146065,-0.09325358961640141,-0.04801389342590015,0.045852397871641165,0.09752689118914233,-0.0019420908777032255,-0.002740340220152159,0.46987951807228917,-0.3202848130416134,0.7490221230066847,0.8097536464937132
pool,excess_spy,rvol_up2_base_proxy,40,589,492,476,217,0.0018367856754615685,-0.00599355798969281,0.4726890756302521,-0.13856804961462527,-0.0760774961530204,0.05936177938806719,0.13872831806613806,0.007412769130786505,-0.003936277364716404,0.4792626728110599,0.7702636397933708,0.44198514558765056,0.5199825242207654
pool,excess_spy,rvol_up2_churn_proxy,5,1483,1354,1344,635,0.009484314856568704,0.001687523149691894,0.5126488095238095,-0.0678559818302394,-0.028937634526966377,0.03562157163182264,0.08293570532790354,0.01014649789232758,0.0019085043994984119,0.5244094488188976,2.642841947318733,0.008424441115286606,0.01347910578445857
pool,excess_spy,rvol_up2_churn_proxy,10,1483,1257,1244,603,0.017362058513100243,0.004500198880853956,0.5353697749196141,-0.08148394579323048,-0.03594155963225509,0.047527313083945755,0.11619608589191326,0.017009922927255013,0.0038701763252448527,0.5323383084577115,3.617655111852809,0.00032224247848821187,0.0011891632379514275
pool,excess_spy,rvol_up2_churn_proxy,20,1483,1143,1128,567,0.023995744852684787,0.002541780789373671,0.5106382978723404,-0.11453840424880919,-0.05641633599686899,0.062270172490026005,0.16845075054576247,0.028081341441028054,0.003434942454195363,0.5255731922398589,3.844189766121069,0.00013466702308861993,0.0006557884791373626
pool,excess_spy,rvol_up2_churn_proxy,40,1483,1013,991,521,0.03096547767067019,-0.0033314677510787316,0.4883955600403633,-0.17082499261622885,-0.08788631429502991,0.09334265896979632,0.21616518007864793,0.03529440018245458,-0.0028967163819580977,0.4875239923224568,3.483171615831212,0.0005372819206991924,0.0017909397356639745
pool,excess_spy,rvol_up2_panic_proxy,5,1600,1461,1455,596,0.0033739069517761404,0.0021458482022432834,0.5223367697594502,-0.06055155461548125,-0.02817255356182602,0.031229720923842463,0.06628769357087327,-0.0005595522965498794,-0.0013704051729809819,0.48825503355704697,-0.27706353081238705,0.7818275512181245,0.8229763697032889
pool,excess_spy,rvol_up2_panic_proxy,10,1600,1364,1354,577,0.006944589977151923,0.0035116422647150647,0.5288035450516987,-0.07449361076653019,-0.03320890907914664,0.04082576333970678,0.09072154779704233,0.0032949918762693237,0.0024208823542040125,0.5147313691507799,1.0844269963957502,0.2786292042629614,0.35952155388769214
pool,excess_spy,rvol_up2_panic_proxy,20,1600,1217,1202,540,0.01288328994359218,0.0019074281022298245,0.5099833610648918,-0.09729587285965365,-0.04718813384614928,0.06520121572679735,0.12592913845610745,0.013261748077813353,0.0016077750421652354,0.5037037037037037,2.8368108925177515,0.004728091074290945,0.008222767085723382
pool,excess_spy,rvol_up2_panic_proxy,40,1600,1056,1022,493,0.028260034802602897,0.007551437972904473,0.5234833659491194,-0.14144861529346792,-0.06950719251029089,0.08863447542243724,0.18884867538649677,0.02175503051306464,0.00783273168286902,0.5334685598377282,3.043183040720443,0.002466099051745052,0.004697331527133432
pool,excess_spy,rvol_up2_pmarp_high,5,1784,1577,1566,675,0.00886331482034324,0.00170585402746537,0.5127713920817369,-0.06617086117669257,-0.028349502401609827,0.034001644737858355,0.08151269736645,0.010797406345299002,0.002575882483266234,0.5244444444444445,2.9183644794556827,0.003635971755817965,0.006610857737850845
pool,excess_spy,rvol_up2_pmarp_high,10,1784,1448,1434,640,0.01690964812328128,0.004191096502427105,0.5327754532775453,-0.08035762008634294,-0.034825013872439636,0.04655851583534992,0.11501893074153985,0.017727974171369995,0.003850770149052292,0.534375,3.927136000452987,9.531394434344956e-05,0.0005446511105339975
pool,excess_spy,rvol_up2_pmarp_high,20,1784,1300,1284,602,0.021942690047544695,0.00263494202743364,0.514018691588785,-0.11252428206710276,-0.05499272085244941,0.060030056863576764,0.15704535872819325,0.02668422515036791,0.0038149829421351145,0.526578073089701,3.8196094649344627,0.0001475524078059066,0.0006557884791373626
pool,excess_spy,rvol_up2_pmarp_high,40,1784,1139,1115,553,0.028587391665032047,-0.002423018331104032,0.4923766816143498,-0.16897997958506333,-0.08595414778780552,0.09176247530916742,0.20421346404320687,0.031541277306192585,-0.002665702784763934,0.488245931283906,3.426528622586035,0.0006568731635628809,0.0018767804673225168
pool,excess_spy,rvol_up2_pmarp_low,5,2101,1805,1799,636,0.003842939114118236,0.0021019172969656275,0.5252918287937743,-0.05746955459564535,-0.026174470334607958,0.029011106578798462,0.06132871203587969,0.00040531107250612176,-0.00033778763430305136,0.4968553459119497,0.20871807861956024,0.8347352587733753,0.8471560627979912
pool,excess_spy,rvol_up2_pmarp_low,10,2101,1651,1641,611,0.008083108033784371,0.003953960083615926,0.5326020719073735,-0.07218444573769145,-0.03207994056817487,0.04124942065477555,0.08888604797405208,0.005548489920980344,0.0024208823542040125,0.5204582651391162,1.9232624821516713,0.054912241447472934,0.08135146881107101
pool,excess_spy,rvol_up2_pmarp_low,20,2101,1458,1442,566,0.014184315608161425,0.0037458143889739226,0.5166435506241331,-0.09571377230628803,-0.04520857926493865,0.0629873051493966,0.12626118540517214,0.013819296523923984,0.002081848524204427,0.5070671378091873,3.0560346138543064,0.0023487688270445355,0.004697331527133432
pool,excess_spy,rvol_up2_pmarp_low,40,2101,1210,1170,521,0.029357459606312947,0.006812676856689237,0.5273504273504274,-0.13953397044411753,-0.0674865943051284,0.08935110243654559,0.1880421435188409,0.023828807518525005,0.005291781672278617,0.5297504798464492,3.2462358448675652,0.0012447718796246812,0.0029288750108816025
pool,excess_spy,rvol_up2_pmarp_mid,5,1968,1827,1821,682,0.0050135486516470484,-0.0008246313818076612,0.4903898956617243,-0.05696053951519031,-0.02618859733227963,0.02536728112887343,0.06607573512007181,0.008261344939291836,0.0013234161052419818,0.5102639296187683,2.6262709215435622,0.00882664127958138,0.013579448122432893
pool,excess_spy,rvol_up2_pmarp_mid,10,1968,1738,1730,660,0.008360110268998248,0.00037244814033576823,0.5023121387283237,-0.0765884029368148,-0.0348528046707067,0.03897553227184242,0.09034606949594053,0.01065890872017869,0.003570943579422725,0.5257575757575758,2.7469184594967935,0.006180169826490851,0.010300283044151417
pool,excess_spy,rvol_up2_pmarp_mid,20,1968,1577,1563,621,0.014709552070701029,0.0031633944697031513,0.5169545745361485,-0.10244239527036066,-0.0489227683549221,0.05975247444463827,0.13300631196960036,0.01729381667694586,0.007639054087887676,0.5362318840579711,3.24375258819308,0.0012430428656108213,0.0029288750108816025
pool,excess_spy,rvol_up2_pmarp_mid,40,1968,1307,1269,547,0.020678374648680366,-0.0037540737303198846,0.48699763593380613,-0.1479438153988045,-0.0777771486497294,0.088837512412691,0.19264636223601717,0.023122676471074185,0.005893714302857678,0.5210237659963437,3.0597983456777325,0.0023236385781406996,0.004697331527133432
pool,excess_spy,rvol_up2_sign_flat,5,1083,1026,1024,406,-0.00022209929462324964,-0.0019156991863503725,0.48046875,-0.04548885714173221,-0.022870293953990456,0.02148175130550098,0.04618984186458093,0.0006406978861068627,-0.001805335120408915,0.4827586206896552,0.19287178554539477,0.8471560627979912,0.8471560627979912
pool,excess_spy,rvol_up2_sign_flat,10,1083,990,988,394,0.0032779319612632938,-0.0003781408365030048,0.4959514170040486,-0.06298330009366478,-0.02953079931639041,0.03367348483686622,0.07067769661596496,0.005928941410648913,0.002791847461736441,0.5152284263959391,1.5456342394283915,0.12299777092292459,0.16966351479614275
pool,excess_spy,rvol_up2_sign_flat,20,1083,931,928,375,0.0033127546776984844,-0.00036531726740096637,0.4978448275862069,-0.09332565790919728,-0.04489277555892218,0.04584443878772851,0.10258311687497654,0.005639230932844827,0.0024016994526273594,0.5173333333333333,1.0539344447538832,0.2925933283289186,0.36574166041114825
pool,excess_spy,rvol_up2_sign_flat,40,1083,812,791,330,0.0028528208280937974,-0.0021764524523507633,0.49051833122629585,-0.14088024722054437,-0.07439078256746773,0.06634810627956167,0.14393888177910974,0.013479848513333227,0.0013371762444467602,0.509090909090909,1.5289099046951968,0.12724763609710704,0.16966351479614275
pool,excess_spy,rvol_up2_sign_neg,5,2344,2163,2153,741,0.004617432920901764,0.001059796198173757,0.5132373432419879,-0.06228053475286181,-0.02861176998857451,0.031642109296109444,0.07008635086365754,0.0008820807024092876,-0.0011315017853510412,0.49122807017543857,0.391417377487787,0.6956014288035333,0.7728904764483703
pool,excess_spy,rvol_up2_sign_neg,10,2344,2014,1998,720,0.00804512341499408,0.002175879644511103,0.5165165165165165,-0.07677594135424429,-0.03449242510857908,0.041142744895415806,0.09508187878106474,0.004816411291214776,0.0017098778147771872,0.5166666666666667,1.5314224391822577,0.12610486744756969,0.16966351479614275
pool,excess_spy,rvol_up2_sign_neg,20,2344,1763,1742,676,0.013786294223084748,0.0021552521184484696,0.5074626865671642,-0.1045477690713433,-0.05177417635265,0.06328720203789959,0.13555981106454557,0.014855769984439483,0.0029972534677036866,0.5133136094674556,3.2556713264355066,0.00118777856323238,0.0029288750108816025
pool,excess_spy,rvol_up2_sign_neg,40,2344,1438,1393,602,0.02575087733752221,0.0006655733179736778,0.5003589375448672,-0.1474141872998364,-0.07722405846475067,0.08632483603580865,0.19090772209852852,0.024588729341520038,0.005244255607027903,0.5166112956810631,3.439058751461045,0.0006241510555618893,0.0018767804673225168
pool,excess_spy,rvol_up2_sign_pos,5,2426,2199,2189,777,0.008679609767871965,0.0011700971182372344,0.5153037916857013,-0.0659543431374345,-0.029186906497764342,0.03266404474774709,0.07927276566963627,0.012881712096921965,0.0016931434851198413,0.5212355212355212,3.609063246115552,0.00032701989043664256,0.0011891632379514275
pool,excess_spy,rvol_up2_sign_pos,10,2426,2025,2012,745,0.016522137697630942,0.004850622938169069,0.5342942345924453,-0.07963821159908654,-0.03681753616930272,0.047993952284019786,0.11466262143440009,0.02072719854135853,0.002860420755776194,0.5275167785234899,4.502511674801278,7.793272099690235e-06,7.793272099690236e-05
pool,excess_spy,rvol_up2_sign_pos,20,2426,1793,1777,702,0.02391864619210206,0.005806242022400099,0.5278559369724254,-0.10862055445687471,-0.0509550947865246,0.06478463388684519,0.1658987845399965,0.0263383014134515,0.009042677115009142,0.5584045584045584,4.951112639367202,9.253464876441976e-07,1.850692975288395e-05
pool,excess_spy,rvol_up2_sign_pos,40,2426,1468,1437,637,0.034481178016300344,0.002449293339518377,0.5100904662491301,-0.1623766697143051,-0.08057845353802973,0.10365905823878041,0.22752737191894654,0.037101116134474386,0.0012055110556850046,0.5086342229199372,4.297495445325076,1.998075464666034e-05,0.0001332050309777356
extended,raw,rvol_up2_all,5,21947,18076,18017,1146,0.005116383244912948,0.004282790776176659,0.5455958261641782,-0.05110696229719455,-0.021600868088670455,0.030329713054537688,0.06167526044973418,0.0029359526851208957,0.004329570066462404,0.5619546247818499,3.241404745409054,0.0012236895729742904,0.0016878476868610903
extended,raw,rvol_up2_all,10,21947,15631,15529,1133,0.00813269778205329,0.007164049799340155,0.5541889368278704,-0.07040925949554767,-0.028594832085434563,0.04369858437398233,0.08383185006721407,0.006000480399630412,0.007028160369767389,0.5763459841129744,4.544326211079556,6.102525228925419e-06,1.356116717538982e-05
extended,raw,rvol_up2_all,20,21947,12324,12208,1111,0.016875843896087,0.013580658154794922,0.5707732634338138,-0.09056861525226141,-0.03827228191279114,0.06526205811169827,0.12366545100797435,0.012996018580086643,0.014465999873300668,0.6039603960396039,6.54422100835279,9.116003453481587e-11,7.292802762785269e-10
extended,raw,rvol_up2_all,40,21947,8559,8285,1057,0.030776344096411726,0.020379303743875976,0.5742908871454435,-0.11989905878097144,-0.052673079955842916,0.09865843882813796,0.1875176975968932,0.025051942668937087,0.021618082532288186,0.6111636707663197,8.103233394410855,1.4697347502819263e-15,5.878939001127705e-14
extended,raw,rvol_up2_base_proxy,5,3199,3034,3028,837,0.0036989848136745915,0.004023559385641029,0.5488771466314399,-0.0414026256838248,-0.016282145747569088,0.023910869693727077,0.04686780259215532,0.0015080170063597675,0.001186635329610497,0.5161290322580645,1.1029483284362152,0.27036700000415725,0.27036700000415725
extended,raw,rvol_up2_base_proxy,10,3199,2940,2929,817,0.004875619885005492,0.005401088624088501,0.5486514168658245,-0.05924495381599488,-0.02518977066139716,0.034878904936022304,0.06851646871558363,0.0043519051374138005,0.005345024818238953,0.5556915544675642,2.5954644152504756,0.00961604655214797,0.01039572600232213
extended,raw,rvol_up2_base_proxy,20,3199,2758,2737,773,0.009901861764696953,0.009244977526428722,0.5524296675191815,-0.08133222169574943,-0.03657775757041848,0.054736478300340785,0.09916854451585808,0.010672453886595342,0.011584672771516313,0.5847347994825356,4.310551548763727,1.839243309159193e-05,3.8720911771772485e-05
extended,raw,rvol_up2_base_proxy,40,3199,2468,2399,722,0.025953492955682802,0.022023491200821477,0.5914964568570238,-0.09860918320314384,-0.04260761899870269,0.08834632913135976,0.1581586269496689,0.019770880541299198,0.01779809498116902,0.6011080332409973,5.719437552002269,1.566120673058072e-08,7.83060336529036e-08
extended,raw,rvol_up2_churn_proxy,5,4326,3979,3960,941,0.003525825131334781,0.0021555823216315995,0.5224747474747474,-0.056687316053455235,-0.02499449449999608,0.029785265651178117,0.06243546658881906,0.004070650743886429,0.0034753764899790596,0.5398512221041445,2.8374962969613824,0.004644685638438918,0.005805857048048648
extended,raw,rvol_up2_churn_proxy,10,4326,3752,3721,921,0.00952873902181597,0.0074608683228454264,0.554420854608976,-0.07337240846484328,-0.030595822230808478,0.04436995336778615,0.08738168902402865,0.007236311166578903,0.0064145429287099254,0.5646036916395223,3.592477128839188,0.000344909534200933,0.0005748492236682217
extended,raw,rvol_up2_churn_proxy,20,4326,3457,3417,898,0.016281612062949983,0.010828583954406001,0.5589698565993562,-0.09723381874171506,-0.04090401036506908,0.06404959707763247,0.13059243667005982,0.015617473274400875,0.01250414448643648,0.579064587973274,5.168775753096649,2.9055680548994623e-07,7.7481814797319e-07
extended,raw,rvol_up2_churn_proxy,40,4326,3078,3003,857,0.01982942334228824,0.011125869413260991,0.5387945387945388,-0.14350731886096396,-0.06428740144179512,0.08958886128678878,0.1768198319222125,0.02040525269588481,0.014431514452523858,0.5682613768961493,4.7143490798463485,2.829736969227427e-06,7.074342423068568e-06
extended,raw,rvol_up2_panic_proxy,5,5760,5237,5219,950,0.007614705138809059,0.0073409144184921615,0.5715654339911861,-0.054977201044046214,-0.02192014545526716,0.03799214644192539,0.06944642047059321,0.004300776121592035,0.0039674396188540545,0.5557894736842105,3.129753636555249,0.0018029877620751983,0.002326435822032514
extended,raw,rvol_up2_panic_proxy,10,5760,4884,4850,930,0.01049411205894648,0.009403683383636174,0.5649484536082474,-0.07287244518812198,-0.029439588166227965,0.049904859145631364,0.08991275422045798,0.006086519578265949,0.004929350398260127,0.5494623655913978,3.4549494048698324,0.0005752946484210577,0.0009204714374736923
extended,raw,rvol_up2_panic_proxy,20,5760,4420,4375,895,0.021256728621226538,0.01767563974631714,0.5906285714285714,-0.08862345978136252,-0.03774842104240028,0.0722195175832554,0.13726078113891438,0.010117118639194069,0.010030250613977498,0.5664804469273743,3.9163575974757223,9.674029534499751e-05,0.00017589144608181365
extended,raw,rvol_up2_panic_proxy,40,5760,3823,3670,838,0.03520757414635867,0.02091122879052243,0.5752043596730245,-0.11995511086459645,-0.05149249712726517,0.10715701352481632,0.198215872799943,0.021064738500481642,0.013596787905787475,0.5668257756563246,5.464778448357327,6.117226919725973e-08,2.2244461526276265e-07
extended,raw,rvol_up2_pmarp_high,5,5725,5052,5030,989,0.0035229990524415734,0.0020814560492739,0.5228628230616302,-0.054127078751043264,-0.02356996473900072,0.028599771220408243,0.05993896332203826,0.0035027292103228017,0.003786335347354841,0.5429726996966633,2.78757736651291,0.005412231583281907,0.006367331274449302
extended,raw,rvol_up2_pmarp_high,10,5725,4644,4609,969,0.008214560149538447,0.007142842757353218,0.5541332176177045,-0.07285632982488871,-0.0299224932608374,0.04181841010772569,0.08265922937244426,0.006757539904709161,0.007939799516347268,0.5789473684210527,3.808434010687018,0.00014865597892016743,0.0002585321372524651
extended,raw,rvol_up2_pmarp_high,20,5725,4197,4147,948,0.0131899496044506,0.010177947466622816,0.5502773088979985,-0.09692242015483198,-0.04158593989141568,0.06021236743119596,0.11857153452320804,0.014285219876702759,0.012793162459489037,0.5791139240506329,5.26412400325994,1.7430868399286583e-07,5.36334412285741e-07
extended,raw,rvol_up2_pmarp_high,40,5725,3666,3579,902,0.018336784405887065,0.010062565924067624,0.533668622520257,-0.13822511652876102,-0.06146723539028848,0.0851964436441045,0.17162593756915828,0.018702366497480197,0.013909092052865057,0.5643015521064302,4.678108436572606,3.3390146453298556e-06,7.856505047834955e-06
extended,raw,rvol_up2_pmarp_low,5,8111,6923,6904,1007,0.007346271014068412,0.006553437437644027,0.5661935110081112,-0.05113703122652275,-0.02046716505341159,0.03525498601194377,0.06650274837207484,0.003215662706212214,0.004059477891326324,0.5521350546176763,2.6101788307102143,0.009183979218298185,0.010204421353664651
extended,raw,rvol_up2_pmarp_low,10,8111,6260,6225,978,0.010326837593502803,0.008890588897373375,0.5641767068273092,-0.0688884568017789,-0.027363158113864694,0.04776066391749523,0.08686685806738212,0.0050691889176578695,0.0044054574693208615,0.5460122699386503,3.1501963348132764,0.0016812076820113117,0.002241610242681749
extended,raw,rvol_up2_pmarp_low,20,8111,5548,5498,941,0.021844322299969025,0.01928700787274662,0.598035649327028,-0.08406907345615634,-0.033684393309618116,0.07173893077155435,0.13244353692010025,0.009726399818884216,0.010245875342392852,0.5664187035069076,4.154247297352858,3.560857621928613e-05,7.121715243857226e-05
extended,raw,rvol_up2_pmarp_low,40,8111,4591,4392,879,0.037407548043964824,0.024196584167806567,0.5862932604735883,-0.11347623642562771,-0.04689834498756368,0.10841241790822881,0.1995216636925936,0.02015737845691607,0.014611766860121556,0.5802047781569966,5.513763408433625,4.619775200802201e-08,2.0532334225787562e-07
extended,raw,rvol_up2_pmarp_mid,5,8111,7407,7384,1080,0.003885504179784196,0.004121682434640839,0.542795232936078,-0.049336226758681045,-0.02119803986659094,0.02746753058225543,0.057407877027383356,0.002611891198116105,0.0030946252799678997,0.5555555555555556,2.4638493743759207,0.013900489217324596,0.01463209391297326
extended,raw,rvol_up2_pmarp_mid,10,8111,6956,6915,1071,0.0062411424909248345,0.006121529711895279,0.5466377440347071,-0.06948964984297583,-0.028615950080424335,0.040967991879716115,0.08090453629765917,0.005238573109625643,0.006723185649596332,0.5658263305322129,3.438701539134147,0.0006070221588935014,0.0009338802444515405
extended,raw,rvol_up2_pmarp_mid,20,8111,6130,6065,1032,0.015031911212349019,0.011873918979322218,0.562242374278648,-0.09035794183136209,-0.038928174971068596,0.06466448725244978,0.11702633685610417,0.013047361878329751,0.011780625375951625,0.5794573643410853,5.411748107083796,7.761090941369517e-08,2.587030313789839e-07
extended,raw,rvol_up2_pmarp_mid,40,8111,5055,4891,978,0.0293454303625682,0.02219561113017443,0.5835207524023717,-0.11600928228262286,-0.050427477575431756,0.0974499273902435,0.17757700810259158,0.02179513524113646,0.02132651309314993,0.5961145194274029,6.782620145396337,2.0412451192222376e-11,2.0412451192222376e-10
extended,raw,rvol_up2_sign_flat,5,5875,5471,5461,1007,0.004498302512152756,0.004449863001902976,0.5500824024903864,-0.04135737009544005,-0.0169739006295041,0.025181160621733367,0.04988124376345704,0.0023131096889876302,0.002178234371980281,0.5312810327706058,2.07749240055877,0.03800935308078177,0.038983951877724896
extended,raw,rvol_up2_sign_flat,10,5875,5155,5141,984,0.00550001882689127,0.0060737607953418316,0.5537833106399533,-0.06209290730682382,-0.024761630836482196,0.036790219404595925,0.07053637489814224,0.004778010825821767,0.0059319748360631055,0.5609756097560976,3.311995297268281,0.0009600766060582283,0.0014223357126788567
extended,raw,rvol_up2_sign_flat,20,5875,4655,4627,949,0.011797260631572314,0.011165939338287245,0.560622433542252,-0.08078248211938606,-0.03520715693290388,0.05746401281287061,0.10361303054570499,0.011111799767599587,0.011594786342421504,0.5879873551106428,5.46818420886907,5.816242766660727e-08,2.2244461526276265e-07
extended,raw,rvol_up2_sign_flat,40,5875,3929,3792,877,0.02727859363615476,0.021471268900085327,0.5867616033755274,-0.1009845494113375,-0.04258851748344572,0.09038593697342606,0.16226151748718906,0.022193253932098804,0.018140724028061717,0.6031927023945268,7.12094883327148,2.2343798547989573e-12,3.8330850851193244e-11
extended,raw,rvol_up2_sign_neg,5,8524,7792,7762,1052,0.006968076089650945,0.007153263548916433,0.566348879154857,-0.05434679639479285,-0.022248688967008046,0.03505267230735315,0.06849118648698782,0.003257130572614752,0.0035149744002748546,0.5560836501901141,2.7346379173269346,0.006349911900381043,0.007257042171864049
extended,raw,rvol_up2_sign_neg,10,8524,7251,7193,1035,0.00942854355762168,0.00918780486595816,0.5641595996107327,-0.07383110267656413,-0.029727629153981083,0.048217566071369955,0.088595638965728,0.006369081673260093,0.007164976969032215,0.5642512077294686,3.9949454569819927,6.929402437289281e-05,0.00013198861785312918
extended,raw,rvol_up2_sign_neg,20,8524,6383,6307,1012,0.018623715225808902,0.016417815347365305,0.5825273505628666,-0.09266330381695997,-0.039035899136897645,0.0703451316640098,0.131597492332294,0.012471618186916856,0.012182082249506343,0.5830039525691699,5.201690443976413,2.3901897684829727e-07,6.829113624237065e-07
extended,raw,rvol_up2_sign_neg,40,8524,5185,4995,951,0.03017478642665084,0.018885697591295658,0.5697697697697698,-0.1239589267523141,-0.05489505661419497,0.09967895575969998,0.19008652494076084,0.024807355353542115,0.01680309980249454,0.5825446898002103,7.076214461750765,2.8748138138394935e-12,3.8330850851193244e-11
extended,raw,rvol_up2_sign_pos,5,7548,6947,6924,1060,0.0027441645256815446,0.0017341708849141213,0.5181975736568457,-0.05760402711216876,-0.025571995012529602,0.029241020091061998,0.062344113167116154,0.003538527923246162,0.004439588153905438,0.559433962264151,2.817193789843196,0.0049345823302873945,0.0059813119154998725
extended,raw,rvol_up2_sign_pos,10,7548,6494,6456,1048,0.008351710733786703,0.005973911841448243,0.5419764560099133,-0.07148901883747677,-0.030865076398606694,0.04435491700440225,0.09034741720907447,0.005692787902302282,0.006283711534808634,0.5562977099236641,3.2907027076981854,0.0010327173361159912,0.0014753104801657018
extended,raw,rvol_up2_sign_pos,20,7548,5797,5740,1025,0.018513031072179782,0.012478162246634561,0.5672473867595819,-0.09349922641191981,-0.03881015561214993,0.06728983342139333,0.1333455742997752,0.015398002193141093,0.012451044673500528,0.5853658536585366,5.971462792212338,3.239161224775405e-09,1.8509492713002317e-08
extended,raw,rvol_up2_sign_pos,40,7548,4792,4663,969,0.030147372664074197,0.022182002341430973,0.5706626635213382,-0.13117028629771788,-0.05607097952454965,0.10120322097832002,0.18974751676895402,0.024848395724496933,0.016979649878309012,0.5830753353973168,6.421703111189434,2.1086945129937033e-10,1.4057963419958022e-09
extended,excess_spy,rvol_up2_all,5,21947,18076,18017,1146,0.0012167551224628599,-6.745563138288446e-06,0.4998612421601821,-0.049338596003324416,-0.02310624829827046,0.023796140708558733,0.05200079245179383,0.000737965381566613,0.00023390769520189895,0.506108202443281,1.1604619783617367,0.24610266210995335,0.45396950890731824
extended,excess_spy,rvol_up2_all,10,21947,15631,15529,1133,0.0028441002864668884,0.0002785109267531283,0.5024148367570352,-0.06497418200308178,-0.031025098567130316,0.033063199109734764,0.07299127849877286,0.0016244508928746045,0.0012785000454356458,0.526919682259488,1.61441508807683,0.10671610377094093,0.33339299373118203
extended,excess_spy,rvol_up2_all,20,21947,12324,12208,1111,0.0050086456199628215,-0.0005957178804626428,0.49623197903014415,-0.08892620846415947,-0.045029262058300545,0.0477150023166423,0.10298929147808394,0.0050176419809287364,0.0028843506934407926,0.5355535553555355,3.1224552716694465,0.0018398855297916356,0.024531807063888477
extended,excess_spy,rvol_up2_all,40,21947,8559,8285,1057,0.009867398785462878,-0.0009909645427379488,0.49474954737477367,-0.1298141278028259,-0.06814967079565049,0.07168598209707222,0.15632654572568574,0.008827115315271675,0.005884904543724831,0.5364238410596026,3.268317296527186,0.0011167722134381552,0.022335444268763105
extended,excess_spy,rvol_up2_base_proxy,5,3199,3034,3028,837,-0.00021829771486987787,-0.0009482392192224909,0.48282694848084545,-0.04029346155024797,-0.020618587464196564,0.018957773468192662,0.04243910365684482,-0.0010720373092133674,-0.0016222457902563825,0.4767025089605735,-0.8298163375811393,0.406879519769237,0.6027844737322029
extended,excess_spy,rvol_up2_base_proxy,10,3199,2940,2929,817,0.0009439178618404196,-0.002449666132155248,0.47490611130078525,-0.05585811094071669,-0.02832988481150578,0.027421256136062944,0.06191087948471996,-0.0004719556048361824,-0.0011308741620612572,0.4847001223990208,-0.30061809195768885,0.7637823083699071,0.8728940667084654
extended,excess_spy,rvol_up2_base_proxy,20,3199,2758,2737,773,0.001988123239830502,-0.003121589432343974,0.47716477895506026,-0.08164068754371359,-0.043162133696797333,0.04170523772396506,0.09273027177795004,0.0011372721448109399,-0.00223524998710245,0.47865459249676584,0.5062523576567248,0.6128240408825443,0.7660300511031803
extended,excess_spy,rvol_up2_base_proxy,40,3199,2468,2399,722,0.003771625488714176,-0.003263953497929295,0.4822842851187995,-0.11879040462903356,-0.06566307605658478,0.06296960917933703,0.13959167689916063,0.003053959328785358,-0.004536279221761141,0.4806094182825485,0.9400456467604147,0.3475089712206643,0.5346291864933297
extended,excess_spy,rvol_up2_churn_proxy,5,4326,3979,3960,941,0.0025668491201023148,0.00025038171608360305,0.502020202020202,-0.05265842242070662,-0.02593728974514331,0.027523672965364676,0.05835352020187043,0.0021485020449520764,-3.453039712242312e-05,0.49946865037194477,1.6568340794942975,0.09788673202281059,0.33339299373118203
extended,excess_spy,rvol_up2_churn_proxy,10,4326,3752,3721,921,0.005187510595910907,0.0014432052697797015,0.5122278957269552,-0.07176990194742261,-0.03284509186968232,0.037450666964137236,0.08276645946272576,0.002665950387304506,0.001562746213745747,0.5146579804560261,1.4708218459771512,0.14168123178600212,0.3542030794650053
extended,excess_spy,rvol_up2_churn_proxy,20,4326,3457,3417,898,0.009229667808848617,0.0028306514796687665,0.520632133450395,-0.09166778906191722,-0.04658240710731709,0.05224228227443106,0.11287194068022198,0.007711840882843953,0.003976418256816994,0.5311804008908686,2.859401946892366,0.004342820733685787,0.04342820733685787
extended,excess_spy,rvol_up2_churn_proxy,40,4326,3078,3003,857,0.009616923051943598,-0.0010206342085117281,0.4961704961704962,-0.13949485089718877,-0.07137919448518598,0.07233121458497038,0.1620029020300543,0.006069533280052747,-0.0023425332081515315,0.4912485414235706,1.5498248841113382,0.12155317088582583,0.33339299373118203
extended,excess_spy,rvol_up2_panic_proxy,5,5760,5237,5219,950,0.0013616031865539015,0.0011747881861070564,0.5140831576930447,-0.05439246256602207,-0.023979217884166182,0.02611839620850892,0.05505993401532136,0.0010918652846629755,0.0002635394244041023,0.5063157894736842,0.9566248721990674,0.33900025694799346,0.5346291864933297
extended,excess_spy,rvol_up2_panic_proxy,10,5760,4884,4850,930,0.0030135395922830234,0.0021100651845571416,0.5216494845360825,-0.06929210985843885,-0.030691527534271984,0.035042981774733334,0.07427061279242868,0.0009707661338125926,0.0007063776333993688,0.5075268817204301,0.6591681342954698,0.5099511596078086,0.7033809098038739
extended,excess_spy,rvol_up2_panic_proxy,20,5760,4420,4375,895,0.0029844390568245388,-0.001122411557514802,0.4912,-0.09317405269118877,-0.04703171154457286,0.048882895015431194,0.10408359810574203,0.0011926847140363065,3.4355662096136555e-05,0.5005586592178771,0.5221719462906875,0.6016799722430906,0.7660300511031803
extended,excess_spy,rvol_up2_panic_proxy,40,5760,3823,3670,838,0.00891738694047948,-0.000984516207596764,0.49536784741144413,-0.13321691723607587,-0.06985422047884404,0.07125322253878946,0.1539964215602959,0.003463413207292499,-0.0017001079978706257,0.4916467780429594,0.98653594550051,0.3241552755667083,0.5346291864933297
extended,excess_spy,rvol_up2_pmarp_high,5,5725,5052,5030,989,0.0021920202377970904,-5.514597345235295e-05,0.49960238568588466,-0.0510128396562515,-0.02512136089495376,0.026365089672687053,0.05671092502582912,0.0015237857347214904,-6.439845713934744e-05,0.49848331648129424,1.3705193169045407,0.17083613996695365,0.401967388157538
extended,excess_spy,rvol_up2_pmarp_high,10,5725,4644,4609,969,0.004161640297461171,0.001194574428226014,0.5098719895855934,-0.06983177072414908,-0.03213468548266085,0.03556717920187391,0.07639003151235015,0.0024330547388689253,0.0018351097843430364,0.5201238390092879,1.5353592664716467,0.12502237264919328,0.33339299373118203
extended,excess_spy,rvol_up2_pmarp_high,20,5725,4197,4147,948,0.006744784369394949,0.0016694056440171856,0.5131420303834097,-0.0915211212017026,-0.04619622273575408,0.04965629649151371,0.1059914979600616,0.006353091711333789,0.0053942189675821265,0.540084388185654,2.6378748015751654,0.0084795521565751,0.05653034771050067
extended,excess_spy,rvol_up2_pmarp_high,40,5725,3666,3579,902,0.008171438605905624,-0.0014002455324568785,0.49399273540095,-0.13716412872441772,-0.07041514754030265,0.06967091224850408,0.15760296869815396,0.004146074756032654,-0.004206319689004312,0.48004434589800443,1.1518622450354634,0.24968322989902503,0.45396950890731824
extended,excess_spy,rvol_up2_pmarp_low,5,8111,6923,6904,1007,0.0013126414395431007,0.0006550553368406264,0.5097045191193511,-0.049995284590475336,-0.02211870946397293,0.024587807593748234,0.05217183765853068,0.00044270273248297527,0.00018824265305759924,0.5054617676266137,0.44376621097163965,0.6573070484615565,0.7967358163170382
extended,excess_spy,rvol_up2_pmarp_low,10,8111,6260,6225,978,0.0029607604176855803,0.0019720101596587547,0.5195180722891566,-0.06513551579192446,-0.02969556573490184,0.033766042669500784,0.07241566945210139,7.833228506986601e-05,0.0009564992459919327,0.5132924335378323,0.05876656135132556,0.9531500598997501,0.9531500598997502
extended,excess_spy,rvol_up2_pmarp_low,20,8111,5548,5498,941,0.0033395285519211247,-0.0014697135712147258,0.49036013095671155,-0.08942607390324195,-0.045288312090973115,0.04799456668098112,0.10251263578453305,0.00040556910321923664,-0.0001707141629883724,0.49946865037194477,0.1982072694587446,0.8429257566014603,0.9218760076807484
extended,excess_spy,rvol_up2_pmarp_low,40,8111,4591,4392,879,0.008553542671413738,-0.0018055141590979096,0.4918032786885246,-0.13042234368706052,-0.06782944233677585,0.06979094528822599,0.15216095283961356,0.002489652590996766,-0.003548406664033591,0.48236632536973834,0.756010367131,0.4498457630283724,0.6426368043262463
extended,excess_spy,rvol_up2_pmarp_mid,5,8111,7407,7384,1080,0.0007844181921670614,-0.000604363846069822,0.49214517876489705,-0.04738245701559379,-0.022690998680304275,0.021793964397355065,0.04994956323229991,8.498675919953607e-05,-0.0007646581294774117,0.4925925925925926,0.09400448085655075,0.9251230498283299,0.9488441536700819
extended,excess_spy,rvol_up2_pmarp_mid,10,8111,6956,6915,1071,0.0019888921879332635,-0.0010996694202071167,0.48994938539407085,-0.06334454449573701,-0.031154264976381407,0.031900922567161094,0.07102189842418806,0.00024396649978628463,-0.0006784472202576441,0.488328664799253,0.18567438573917125,0.8527353071046923,0.9218760076807484
extended,excess_spy,rvol_up2_pmarp_mid,20,8111,6130,6065,1032,0.005493982533305904,6.619771402038843e-05,0.5002473206924979,-0.08676230092458574,-0.04373850015499259,0.04851418575290367,0.10160198886930392,0.0038886647785812164,0.0004666537955834755,0.5038759689922481,1.852153226373771,0.06428951906480358,0.3194144665098092
extended,excess_spy,rvol_up2_pmarp_mid,40,8111,5055,4891,978,0.008546017980617158,-0.001728155123161379,0.4933551420977305,-0.12662931705684943,-0.06718394477861711,0.07322850627263489,0.15495217576327514,0.0047813314800831674,0.0014637338594296425,0.5071574642126789,1.6629453466867272,0.0966441083831876,0.33339299373118203
extended,excess_spy,rvol_up2_sign_flat,5,5875,5471,5461,1007,0.0004067480015682444,-0.0006842469752070812,0.4892876762497711,-0.04055167009946392,-0.02018662602916388,0.019931512969820986,0.04267460773633758,-0.00034342665932209955,-0.0013877129688234235,0.4756703078450844,-0.3423479240855153,0.7321605846615011,0.861365393719413
extended,excess_spy,rvol_up2_sign_flat,10,5875,5155,5141,984,0.0008729939505843244,-0.0011369894026855842,0.4868702587045322,-0.05712418345610071,-0.02810740776523346,0.02876707393377642,0.06052429426464956,-0.00017047961935300093,-0.0010494041186951825,0.48577235772357724,-0.13375708530767375,0.8936220412546605,0.9406547802680637
extended,excess_spy,rvol_up2_sign_flat,20,5875,4655,4627,949,0.002066187752147718,-0.002399623270033291,0.48454722282256324,-0.08181835396363758,-0.042638715855481624,0.04171564087184704,0.09309085107473038,0.0018902832725093083,-0.00033144729025447184,0.49736564805057953,1.0530187177503396,0.2926007325969625,0.5088708392990652
extended,excess_spy,rvol_up2_sign_flat,40,5875,3929,3792,877,0.00348981713258321,-0.0038667431565122534,0.48364978902953587,-0.12029512355773123,-0.06494811630301336,0.06288922117254328,0.13846725316909914,0.004640252137665441,-0.0027156565144875557,0.4823261117445838,1.5905016957606646,0.11208255928996853,0.33339299373118203
extended,excess_spy,rvol_up2_sign_neg,5,8524,7792,7762,1052,0.001551581784174414,0.0010138341388440386,0.509920123679464,-0.05318576095295406,-0.024201756934712854,0.02598858388792566,0.055680259672430545,0.0006124630303290832,0.00041564368789852036,0.5085551330798479,0.6306322022662603,0.5284181373968394,0.7045575165291192
extended,excess_spy,rvol_up2_sign_neg,10,8524,7251,7193,1035,0.003437181194522602,0.0012849767471871942,0.512581676630057,-0.0670288145020046,-0.030570667420587117,0.034966740348595704,0.0754737641437685,0.0015701247393751026,0.0007744792016801672,0.5091787439613527,1.1888680734576185,0.234764541680432,0.45396950890731824
extended,excess_spy,rvol_up2_sign_neg,20,8524,6383,6307,1012,0.004327852138117286,-4.559479431565094e-06,0.4999207230061836,-0.09316860424917214,-0.04627808161722974,0.05102549647635524,0.10454294442985106,0.0037494763262364856,0.002240731797340569,0.508893280632411,1.8018408471372507,0.07186825496470707,0.3194144665098092
extended,excess_spy,rvol_up2_sign_neg,40,8524,5185,4995,951,0.008247906114272072,-0.001598623385656417,0.49269269269269267,-0.13193270304616236,-0.07070809122182287,0.07124026845269549,0.15297128065615578,0.007915596731881254,-0.0007755022137234668,0.4921135646687697,2.517241402871556,0.011991372371086433,0.06852212783477961
extended,excess_spy,rvol_up2_sign_pos,5,7548,6947,6924,1060,0.0014817334360221698,-0.0006567992043622906,0.49335644136337375,-0.051938614917333065,-0.025341900716293247,0.0253651206972883,0.05635519027264524,0.001288015603739184,0.00024317808807055585,0.5066037735849057,1.208672503903729,0.22705849203935025,0.45396950890731824
extended,excess_spy,rvol_up2_sign_pos,10,7548,6494,6456,1048,0.0033729118322262373,0.00021899424489285613,0.5018587360594795,-0.07099808438719213,-0.03348043679779092,0.035161773154438386,0.07745073474438302,0.0016971241794108542,0.00013442971186470193,0.5038167938931297,1.1600509413775062,0.24629252390296155,0.45396950890731824
extended,excess_spy,rvol_up2_sign_pos,20,7548,5797,5740,1025,0.008088157824347292,0.0012695056564033802,0.509581881533101,-0.09144367234570298,-0.045589317307621696,0.05168662453624598,0.11100164800935225,0.007372324250520262,0.002829109661021567,0.5248780487804878,3.3487567825841382,0.0008413266267513997,0.022335444268763105
extended,excess_spy,rvol_up2_sign_pos,40,7548,4792,4663,969,0.010676651491893056,-0.00041269397182586154,0.49860604760883553,-0.13432006187753878,-0.07065359935247151,0.07457994605243495,0.1625725003138801,0.00903864126370391,-0.0013108659610086004,0.49226006191950467,2.6728354306148274,0.0076478174332939445,0.05653034771050067
