signal_label,horizon,n_events_raw,n_events_dedup,n_events_scored,n_effective,mean_event_return,median_event_return,hit_rate_event,p10_event_return,p25_event_return,p75_event_return,p90_event_return,mean_cluster_return,median_cluster_return,hit_rate_cluster,t_stat,p_value,universe,return_type,research_block,p_fdr
pmarp_up2_accept_rvol_recent3,5,718,665,664,317,0.006102230909516866,0.005622464389059667,0.5542168674698795,-0.07510281192888371,-0.027770631663348033,0.04082391449689965,0.07562982495546199,0.004854480484947473,0.006353937241923013,0.555205047318612,1.391069835541549,0.16518290632769445,pool,raw,pmarp_rvol_lift,0.1751939915596759
pmarp_up2_accept_rvol_recent3,10,718,630,628,307,0.015563235722574748,0.009526586470615994,0.552547770700637,-0.07305269532939611,-0.029693842667769477,0.0532901476408133,0.11125779297441461,0.011231163100661664,0.005317829575864685,0.5276872964169381,2.5435990656368364,0.01146349833289771,pool,raw,pmarp_rvol_lift,0.01744445398484434
pmarp_up2_accept_rvol_recent3,20,718,602,599,299,0.027353883796632505,0.024340206544038345,0.5926544240400667,-0.1062069478824933,-0.041180600458489924,0.08492816793713176,0.14575490116011808,0.022090629672893394,0.012991699747383567,0.568561872909699,2.950912911962445,0.0034198544851394333,pool,raw,pmarp_rvol_lift,0.006972418162676627
pmarp_up2_accept_rvol_recent3,40,718,545,530,282,0.06094056015087393,0.03440895796933163,0.5754716981132075,-0.14130934371621987,-0.06946308435324569,0.14046644834370964,0.25649358242114073,0.04265230776597194,0.015031682930142742,0.5460992907801419,2.8687918733611744,0.0044329701824895465,pool,raw,pmarp_rvol_lift,0.008165997704586007
pmarp_up2_accept_rvol_recent3,60,718,507,468,255,0.06552306179317312,0.0347660942632283,0.5811965811965812,-0.1759105674684854,-0.08001260252800516,0.14016280979539797,0.27920638932416736,0.05683929007637546,0.030554109365074633,0.5764705882352941,2.939889494789914,0.0035858150550908364,pool,raw,pmarp_rvol_lift,0.006972418162676627
pmarp_up2_accept_rvol_recent5,5,1107,968,966,418,0.003732365025720328,0.00458222059117519,0.5351966873706004,-0.07555587149881055,-0.03131470073983192,0.03903915985500961,0.07373700726212007,0.002592224052307089,0.004637735742021781,0.5358851674641149,0.8435654829164705,0.3993958904489504,pool,raw,pmarp_rvol_lift,0.3993958904489504
pmarp_up2_accept_rvol_recent5,10,1107,904,900,402,0.01149406408083343,0.0076188705834348,0.5444444444444444,-0.07970711481801789,-0.03151062867480778,0.049751282897321225,0.10591093771804384,0.008025400965561863,0.003972783045084305,0.527363184079602,2.141472785420964,0.03283801301566883,pool,raw,pmarp_rvol_lift,0.04256779464994107
pmarp_up2_accept_rvol_recent5,20,1107,830,824,386,0.025255736152764163,0.020452533451618793,0.5861650485436893,-0.10289968000791423,-0.04116392488573867,0.0815344045728501,0.14186626070238204,0.020036130097663484,0.013958720008073883,0.5647668393782384,3.4673200020699424,0.0005850062214764853,pool,raw,pmarp_rvol_lift,0.0013650145167784656
pmarp_up2_accept_rvol_recent5,40,1107,740,719,365,0.056305134622058974,0.03934814402117137,0.5855354659248957,-0.14137482491198147,-0.06760136379271209,0.1376272132418639,0.25253747740508287,0.042221269464400704,0.017495965020568938,0.5616438356164384,3.4731562839416483,0.0005763040609456917,pool,raw,pmarp_rvol_lift,0.0013650145167784656
pmarp_up2_accept_rvol_recent5,60,1107,689,635,327,0.06595698352412965,0.03595861454025551,0.6047244094488189,-0.17463268145519986,-0.07385626732132933,0.15528869647193455,0.2911631559074855,0.06047591027601651,0.030690913288672017,0.6055045871559633,4.219616127310683,3.175973800818204e-05,pool,raw,pmarp_rvol_lift,0.00015797847328423594
pmarp_up2_accept_rvol_same_day,5,181,177,177,81,-0.003303553007505859,-0.0030637117874633413,0.4915254237288136,-0.10431209682245998,-0.04834950959051443,0.03380516236469622,0.06258814601382753,0.01860210232809589,0.005108743249160552,0.5555555555555556,1.4496226002816472,0.15107282600834387,pool,raw,pmarp_rvol_lift,0.16523590344662611
pmarp_up2_accept_rvol_same_day,10,181,173,173,81,0.018314350598279388,0.01218242190049712,0.5549132947976878,-0.07446921845565307,-0.031509121061359835,0.04944320712694883,0.12017469077638693,0.02944943016598486,0.007162214479287776,0.5308641975308642,2.052692837608286,0.04337158212781654,pool,raw,pmarp_rvol_lift,0.05421447765977067
pmarp_up2_accept_rvol_same_day,20,181,173,173,81,0.04306339080842117,0.031065790577493146,0.6473988439306358,-0.10818455617091371,-0.03257790368271951,0.09780973081424493,0.15485471148404598,0.06040922776447188,0.035159285159285236,0.5925925925925926,2.4370187578448097,0.017028198023550947,pool,raw,pmarp_rvol_lift,0.022922574262472427
pmarp_up2_accept_rvol_same_day,40,181,166,166,81,0.10330170333023653,0.07020569246611863,0.6566265060240963,-0.10555537607776416,-0.0419951868469467,0.1779511933142961,0.28543954383783976,0.10542072257934895,0.030736850292866973,0.5555555555555556,2.8126815835129175,0.006178831793704231,pool,raw,pmarp_rvol_lift,0.010298052989507051
pmarp_up2_accept_rvol_same_day,60,181,163,158,74,0.1308449530201204,0.04642205533862975,0.6455696202531646,-0.14060219993049763,-0.05792067627367106,0.21866875482989068,0.39710699308109454,0.13095822723559813,0.038735713090462975,0.6216216216216216,2.528499949877595,0.013616828873854308,pool,raw,pmarp_rvol_lift,0.01906356042339603
pmarp_up2_base,5,2870,2241,2236,598,0.007020513946827014,0.006421995343163012,0.5532200357781754,-0.0735330510798537,-0.030407743982832997,0.04165681260186099,0.08427498392426025,0.004145431955867381,0.0033985257162868097,0.5367892976588629,1.5956800585182258,0.11108943777638354,pool,raw,pmarp_rvol_lift,0.12542355877978786
pmarp_up2_base,10,2870,1941,1934,561,0.014486460269060013,0.009328360798744106,0.5506721820062047,-0.08941623266451192,-0.03503882204341632,0.057045539902480236,0.12105623207541306,0.009581910258989492,0.006623645440155812,0.5383244206773619,2.662717956810666,0.007974117758005295,pool,raw,pmarp_rvol_lift,0.012686096433190241
pmarp_up2_base,20,2870,1652,1624,515,0.02788968767583672,0.015558928243379344,0.5738916256157636,-0.11350031122452028,-0.0433847103620216,0.08450785396422977,0.15773857634978114,0.023142219191396404,0.012319546988549035,0.566990291262136,3.950891005289973,8.874147813709427e-05,pool,raw,pmarp_rvol_lift,0.00031059517347982994
pmarp_up2_base,40,2870,1338,1274,460,0.057733604758797775,0.027451506273633908,0.5745682888540031,-0.15115914445627854,-0.06943950514718727,0.13870637761788995,0.2900415168283413,0.04519970833530619,0.02115297485161305,0.5673913043478261,4.604222585165968,5.367608837392677e-06,pool,raw,pmarp_rvol_lift,5.724556011781299e-05
pmarp_up2_base,60,2870,1191,1087,413,0.07090720169260968,0.0345858585858585,0.5915363385464582,-0.1812691631471184,-0.0755967680275339,0.1526772134574781,0.3371411851866195,0.06956766588124787,0.03931206214704891,0.6101694915254238,4.372772773375601,1.555622237398217e-05,pool,raw,pmarp_rvol_lift,0.00010889355661787518
pmarp_up2_reject_rvol_recent3,5,2152,1727,1723,507,0.007138769804404652,0.0068369453044376804,0.5525246662797446,-0.0713911006851821,-0.031353456805023716,0.04174993353077339,0.08501161061027016,0.005354012946269429,0.003295978905734964,0.5325443786982249,1.7908631900164746,0.07391286153652693,pool,raw,pmarp_rvol_lift,0.08920517771649802
pmarp_up2_reject_rvol_recent3,10,2152,1531,1526,482,0.015106023763344746,0.00978773836319724,0.5511140235910879,-0.0932478544005354,-0.0372319222607711,0.05999109889708515,0.12484337299061044,0.011843505156185432,0.006147723716246917,0.5394190871369294,2.7845979816186284,0.0055707321524504595,pool,raw,pmarp_rvol_lift,0.009748781266788305
pmarp_up2_reject_rvol_recent3,20,2152,1335,1309,448,0.025748940322259495,0.013333333333333197,0.5599694423223835,-0.11610350761584128,-0.048122310873469964,0.08056384185538423,0.1578754097924825,0.026103194959428564,0.014094363687400968,0.5736607142857143,3.688708371546872,0.0002531527423866388,pool,raw,pmarp_rvol_lift,0.0007383621652943632
pmarp_up2_reject_rvol_recent3,40,2152,1133,1067,401,0.05343201854455535,0.02522843514740547,0.5782567947516402,-0.1545327590545228,-0.06619806805944028,0.13318492241209545,0.2820981388071239,0.04164692389047127,0.01571154496815641,0.5461346633416458,4.049691292084733,6.160357980122502e-05,pool,raw,pmarp_rvol_lift,0.00023956947700476394
pmarp_up2_reject_rvol_recent3,60,2152,1029,932,367,0.07334512103909818,0.038715884759851216,0.6115879828326181,-0.17261461403203232,-0.07016491503952005,0.15935272813809692,0.33870485504576076,0.07185993778711264,0.04374554223414728,0.6239782016348774,4.574563755989411,6.542349727750056e-06,pool,raw,pmarp_rvol_lift,5.724556011781299e-05
pmarp_up2_reject_rvol_recent5,5,1763,1423,1420,440,0.008897521544036344,0.008099746179435097,0.5640845070422535,-0.07108848959203318,-0.029889675059748627,0.04358470671985598,0.08815844982621485,0.005481686768608732,0.004873590881475171,0.5295454545454545,1.723097731111002,0.0855750226151088,pool,raw,pmarp_rvol_lift,0.0998375263842936
pmarp_up2_reject_rvol_recent5,10,1763,1276,1273,420,0.019286916929970276,0.011793065084368726,0.5687352710133543,-0.08979097539828626,-0.03416506717850287,0.06356973997634308,0.13512268856555568,0.013945206172639215,0.009925641866013746,0.5571428571428572,3.008978208666987,0.0027794817943953736,pool,raw,pmarp_rvol_lift,0.00608011642523988
pmarp_up2_reject_rvol_recent5,20,1763,1145,1119,391,0.02853275762960718,0.01413240878322597,0.5621090259159964,-0.1142848119837758,-0.04773495370462494,0.08220487702663781,0.16643344182921338,0.02823360549081285,0.015108022359873186,0.5831202046035806,3.8649767072900367,0.0001300997239059111,pool,raw,pmarp_rvol_lift,0.0004139536669733535
pmarp_up2_reject_rvol_recent5,40,1763,993,929,351,0.058372177063488295,0.027405887352635716,0.5866523143164694,-0.14616521186624054,-0.06406979328739715,0.13836861459901306,0.282539507662131,0.051215564236064645,0.01774182970252358,0.5698005698005698,4.806938829827206,2.2790742110275837e-06,pool,raw,pmarp_rvol_lift,3.988379869298271e-05
pmarp_up2_reject_rvol_recent5,60,1763,904,817,326,0.08101075184655278,0.045727031925275385,0.6107711138310894,-0.17000402666632902,-0.06505771248688352,0.1705333652236305,0.36268084900853537,0.08609675326908892,0.04989950977582702,0.6411042944785276,4.893753256930582,1.5602920879588888e-06,pool,raw,pmarp_rvol_lift,3.988379869298271e-05
pmarp_up2_reject_rvol_same_day,5,2689,2122,2117,588,0.007734325622844632,0.007322349808620343,0.5578649031648559,-0.07051143695200583,-0.02952020137811795,0.042624521072796906,0.0845284050813381,0.0036274441433827723,0.003595522267520956,0.5374149659863946,1.3701781853072565,0.17115508358530276,pool,raw,pmarp_rvol_lift,0.17618905663192932
pmarp_up2_reject_rvol_same_day,10,2689,1847,1840,552,0.014695444816632139,0.009117154098441271,0.55,-0.09039714538745845,-0.03525663689306016,0.05835152751357825,0.1219644113390632,0.009110896986386079,0.006541165519853398,0.5398550724637681,2.501352567408506,0.012661012841925036,pool,raw,pmarp_rvol_lift,0.01846397706114068
pmarp_up2_reject_rvol_same_day,20,2689,1576,1548,509,0.026319128790232172,0.013201859627754553,0.562015503875969,-0.11501190956443323,-0.04730807086614175,0.08217014383722154,0.1579296195430927,0.021207806865253944,0.011411438321200411,0.5579567779960707,3.571748279321061,0.00038834343297448236,pool,raw,pmarp_rvol_lift,0.0010455400118543757
pmarp_up2_reject_rvol_same_day,40,2689,1293,1229,452,0.05434498751748171,0.023728351288694993,0.5703824247355573,-0.15614397571987154,-0.07011831970142157,0.13318643652833884,0.2855659741586423,0.039034893919726366,0.014893125076056252,0.5575221238938053,4.2402644302441885,2.709845055902179e-05,pool,raw,pmarp_rvol_lift,0.00015797847328423594
pmarp_up2_reject_rvol_same_day,60,2689,1149,1045,411,0.06551559457598384,0.031457895387659196,0.5885167464114832,-0.18315955086019403,-0.0770016719301504,0.1478806907378336,0.3165930316091954,0.06602924744848751,0.036722744688578945,0.6082725060827251,4.177013404520474,3.610936532211107e-05,pool,raw,pmarp_rvol_lift,0.00015797847328423594
rvol_up2_pmarp_gte60,5,2446,2145,2131,775,0.009661889296614476,0.003405591732192681,0.5316752698263726,-0.07669424560751137,-0.029179050367403148,0.03843209609986853,0.08978759922763357,0.013942158236307576,0.005130855395265699,0.5561290322580645,3.7596603632818986,0.00018295706070362792,pool,raw,strong_state_confirmation,0.00021524360082779756
rvol_up2_pmarp_gte60,10,2446,1954,1930,741,0.020342130051805192,0.009210170020378938,0.5652849740932643,-0.09054524884582836,-0.033642648665440145,0.05668601978626164,0.13176002850145196,0.022023979661105083,0.00902683081414346,0.5573549257759784,4.538337729535681,6.615228679089743e-06,pool,raw,strong_state_confirmation,1.2027688507435898e-05
rvol_up2_pmarp_gte60,20,2446,1716,1688,687,0.02954432937794419,0.013431472701948333,0.5574644549763034,-0.12060921604307057,-0.04983250779909143,0.07986528862921027,0.18135776987564073,0.029651081710266307,0.019816952177854563,0.5836972343522562,5.144477067503058,3.5055190211445664e-07,pool,raw,strong_state_confirmation,1.7527595105722833e-06
rvol_up2_pmarp_gte60,40,2446,1426,1386,629,0.04451852896236155,0.017655437907921345,0.5375180375180375,-0.16984803620190436,-0.0721249202569949,0.1144485068528105,0.25828008899757404,0.05226380524014826,0.022243602959705067,0.5675675675675675,5.692308347535566,1.9246780320484017e-08,pool,raw,strong_state_confirmation,2.918536043733755e-07
rvol_up2_pmarp_gte60,60,2446,1258,1199,563,0.05730471033272813,0.02278282976434931,0.5537948290241869,-0.2018080640636556,-0.09397529710701125,0.1384592333203849,0.29021566509551083,0.0744260627050934,0.03492785729194978,0.5790408525754884,5.10239837257564,4.5946576450981554e-07,pool,raw,strong_state_confirmation,1.8378630580392624e-06
rvol_up2_pmarp_gte60_close_near_high,5,1137,1072,1065,523,0.006099867539912619,0.0005907372400755229,0.5023474178403756,-0.07788346322078292,-0.03294541878380586,0.036519386834986456,0.08547543377868291,0.010231980358253442,0.003052658356652138,0.5258126195028681,2.848668178109109,0.004563494334058337,pool,raw,strong_state_confirmation,0.004803678246377197
rvol_up2_pmarp_gte60_close_near_high,10,1137,1006,991,493,0.021366424659373436,0.008996539792387459,0.5600403632694249,-0.09054776701150724,-0.036035569368902676,0.055104684763312095,0.13498697562303197,0.021046480326664337,0.008110897034164344,0.5598377281947262,3.9740462651289685,8.124416400411556e-05,pool,raw,strong_state_confirmation,0.00010155520500514445
rvol_up2_pmarp_gte60_close_near_high,20,1137,938,922,470,0.02746440428528925,0.01110595712794138,0.5466377440347071,-0.11814443738506987,-0.050579170929901135,0.07883878737286404,0.18101456618112735,0.03257195358021132,0.014575546635282332,0.5659574468085107,4.562714237968377,6.45633055334346e-06,pool,raw,strong_state_confirmation,1.2027688507435898e-05
rvol_up2_pmarp_gte60_close_near_high,40,1137,828,804,426,0.04414739464509189,0.01391371563863597,0.5248756218905473,-0.18572894070110754,-0.08314084078877473,0.12615874589438436,0.26384655752519304,0.05464203823863668,0.018061046967138394,0.5586854460093896,4.681855600057493,3.829812196743322e-06,pool,raw,strong_state_confirmation,8.510693770540716e-06
rvol_up2_pmarp_gte60_close_near_high,60,1137,758,723,393,0.05511751670863806,0.01348747591522148,0.5449515905947441,-0.2115373294287745,-0.10115713083132255,0.1384592333203849,0.3053019473621176,0.072478634220294,0.023085764073580733,0.5725190839694656,4.253117473059282,2.6390089100693274e-05,pool,raw,strong_state_confirmation,3.7700127286704677e-05
rvol_up2_pmarp_gte60_sign_pos,5,1833,1663,1651,696,0.01029329086648289,0.0022309936502487027,0.5208964264082374,-0.07981511752437853,-0.03321357723602253,0.04014196300268169,0.09369676320272569,0.013395668286865215,0.004371808985081493,0.5402298850574713,3.34566733798568,0.0008649866528110479,pool,raw,strong_state_confirmation,0.0009610962809011645
rvol_up2_pmarp_gte60_sign_pos,10,1833,1542,1522,664,0.021997599859788115,0.009757680499715149,0.5643889618922471,-0.09054166906936749,-0.034918308812663834,0.05919529826532882,0.13707709952848215,0.02403353377969032,0.009233644072012881,0.5677710843373494,4.4368240937902605,1.0688578767896117e-05,pool,raw,strong_state_confirmation,1.781429794649353e-05
rvol_up2_pmarp_gte60_sign_pos,20,1833,1390,1368,621,0.03247181913757321,0.011253091128535564,0.5497076023391813,-0.12060921604307057,-0.0501004858559507,0.08172204171735375,0.19941785201577264,0.03432810173211072,0.022280540104564928,0.5877616747181964,5.5440149442706215,4.377804065600633e-08,pool,raw,strong_state_confirmation,2.918536043733755e-07
rvol_up2_pmarp_gte60_sign_pos,40,1833,1197,1165,575,0.04650796572111576,0.015357722562117537,0.5304721030042918,-0.18009482179288605,-0.07729503426929774,0.12477558348294426,0.26370041020037427,0.05515945710310939,0.023419473249724265,0.5547826086956522,5.584521221163465,3.620464869669835e-08,pool,raw,strong_state_confirmation,2.918536043733755e-07
rvol_up2_pmarp_gte60_sign_pos,60,1833,1067,1017,514,0.05981340772529752,0.017599252509675534,0.5476892822025565,-0.2117124606791135,-0.09856512644121662,0.14345889068302742,0.3168389399014896,0.08201192138540257,0.0336552008133707,0.5778210116731517,5.0456342062974775,6.285091565033176e-07,pool,raw,strong_state_confirmation,2.0950305216777254e-06
rvol_up2_pmarp_gte60_sign_pos_close_near_high,5,1030,976,969,496,0.006663630106612806,0.0,0.49948400412796695,-0.07985017289024926,-0.036477495107632096,0.03783783783783767,0.08853833879959488,0.010621267732155059,0.0027705111858126186,0.5221774193548387,2.7864882158501056,0.005532858343278789,pool,raw,strong_state_confirmation,0.005532858343278789
rvol_up2_pmarp_gte60_sign_pos_close_near_high,10,1030,919,906,469,0.022976056017507823,0.009120297863432048,0.5573951434878587,-0.08937680413122623,-0.037625276345634256,0.05838549119571823,0.1382114911692376,0.02299129593921724,0.008996539792387459,0.55863539445629,4.022675103554108,6.707919426474941e-05,pool,raw,strong_state_confirmation,8.943892568633255e-05
rvol_up2_pmarp_gte60_sign_pos_close_near_high,20,1030,858,844,446,0.030385722462598946,0.010316727172342888,0.5450236966824644,-0.11698893262214095,-0.05212567969926457,0.08092678050780622,0.19133339761317275,0.035276952012928416,0.016978176348801353,0.5762331838565022,4.757308749360689,2.6555888230831298e-06,pool,raw,strong_state_confirmation,6.638972057707825e-06
rvol_up2_pmarp_gte60_sign_pos_close_near_high,40,1030,763,742,407,0.04720478616259458,0.012168362676855393,0.5215633423180593,-0.18847340755175107,-0.08337826985449157,0.12978351901652752,0.2754641747068417,0.05744373074228496,0.021945732150774666,0.5651105651105651,4.767479467088886,2.6038562904421887e-06,pool,raw,strong_state_confirmation,6.638972057707825e-06
rvol_up2_pmarp_gte60_sign_pos_close_near_high,60,1030,701,668,374,0.060409974777842775,0.014493253648839577,0.5449101796407185,-0.2103886441772249,-0.09907729966515322,0.13896632520736008,0.3251134942464681,0.07950486745485393,0.03334174406471202,0.5828877005347594,4.436470989618296,1.2052308426513176e-05,pool,raw,strong_state_confirmation,1.8542012963866423e-05
rvol_up2_pmarp_lt30_close_near_low,5,1067,1002,998,456,0.01009265362599895,0.006248836614081488,0.561122244488978,-0.06567413916658381,-0.02512267751050065,0.04349574296258307,0.08699079068722392,0.007407457375012226,0.0026177075208640987,0.5328947368421053,2.2655498445654976,0.023948182529753156,pool,raw,low_state_rebound,0.02660909169972573
rvol_up2_pmarp_lt30_close_near_low,10,1067,957,951,441,0.017563377216997737,0.011112220945912243,0.576235541535226,-0.07931870126740703,-0.028512413915004475,0.057367970481092545,0.11135265700483088,0.010619327269970216,0.00888648547619475,0.5532879818594104,2.6207468093448907,0.009077431836989919,pool,raw,low_state_rebound,0.012967759767128455
rvol_up2_pmarp_lt30_close_near_low,20,1067,876,864,418,0.030278875029492655,0.020548340339661575,0.5856481481481481,-0.10125992063492056,-0.04794042706625801,0.08723450219614814,0.17063832463959627,0.025524171655228994,0.014108541031682215,0.5454545454545454,3.9216869406358335,0.00010278988386324569,pool,raw,low_state_rebound,0.00017131647310540947
rvol_up2_pmarp_lt30_close_near_low,40,1067,783,758,391,0.045700948504083135,0.013808530296642751,0.5527704485488126,-0.1411353402819109,-0.06313802017584683,0.12328937103757076,0.24841564631948018,0.04013412797833032,0.013776677719142594,0.5626598465473146,4.283266814596029,2.322052481346862e-05,pool,raw,low_state_rebound,4.666095086040694e-05
rvol_up2_pmarp_lt30_close_near_low,60,1067,711,661,349,0.07644981419805172,0.034635354907611715,0.5688350983358548,-0.17067438076297237,-0.07031122163592285,0.1561968126257156,0.32718647227020337,0.06445967221845998,0.03909654899780751,0.5931232091690545,4.699646677517041,3.7599093829177303e-06,pool,raw,low_state_rebound,1.2533031276392434e-05
rvol_up2_pmarp_lt30_sign_neg,5,1793,1646,1637,631,0.007387224222836187,0.005061425061425151,0.5436774587660355,-0.06897172190414089,-0.028772965879265255,0.04141038369157135,0.08475918715401164,0.0016785524353392764,0.0026248160809292376,0.526148969889065,0.7044505477025093,0.4814125540984388,pool,raw,low_state_rebound,0.48141255409843875
rvol_up2_pmarp_lt30_sign_neg,10,1793,1534,1524,610,0.01331605856941358,0.00924021235243655,0.562992125984252,-0.08175192069714503,-0.031924808266735744,0.05477295071893823,0.105780465791862,0.007609298884933435,0.007522226733668924,0.5540983606557377,2.264055371971492,0.023921591820469424,pool,raw,low_state_rebound,0.02660909169972573
rvol_up2_pmarp_lt30_sign_neg,20,1793,1363,1348,572,0.02814010201100493,0.017821487146158166,0.5808605341246291,-0.10301446578154258,-0.048633849081994335,0.08623362351451208,0.17095172418295074,0.021900570476836818,0.011232938920337582,0.5559440559440559,4.2656281687631035,2.333047543020347e-05,pool,raw,low_state_rebound,4.666095086040694e-05
rvol_up2_pmarp_lt30_sign_neg,40,1793,1160,1123,522,0.048041179666193416,0.018702321240129827,0.5583259127337489,-0.15513162439875178,-0.06967719357423979,0.12862143284026195,0.26317677274772167,0.036110280329571774,0.013876586651882516,0.5593869731800766,4.882265366692699,1.3968192762681801e-06,pool,raw,low_state_rebound,6.9840963813409e-06
rvol_up2_pmarp_lt30_sign_neg,60,1793,1030,964,468,0.06510613697024652,0.03239311256900812,0.5736514522821576,-0.1747494014695323,-0.0756006416010051,0.15469940871448284,0.29709899354873937,0.05642721445272863,0.02961244130158877,0.5833333333333334,4.961643741328158,9.80816930605523e-07,pool,raw,low_state_rebound,6.9840963813409e-06
pmarp_up2_accept_rvol_recent3,5,718,665,664,317,0.0031377117639606157,-0.0004570877036969567,0.4924698795180723,-0.054810547109142696,-0.02669701717228401,0.028249558690056242,0.05880182064517615,0.0022309886932799267,0.0006031300498920501,0.5110410094637224,0.7509748475358982,0.45322665769985615,pool,excess_spy,pmarp_rvol_lift,0.4806949399846959
pmarp_up2_accept_rvol_recent3,10,718,630,628,307,0.008053734929346804,0.002723937754221528,0.5270700636942676,-0.06472281648758767,-0.035442705349485154,0.0402903192239471,0.08777726197005037,0.00654000497093896,0.0021076784700051476,0.5211726384364821,1.700601683347244,0.09003378658018785,pool,excess_spy,pmarp_rvol_lift,0.13700793610028586
pmarp_up2_accept_rvol_recent3,20,718,602,599,299,0.012791025375273971,0.0032031141922332917,0.5158597662771286,-0.09185202143271964,-0.043284695825949404,0.058470099638319284,0.11030448877541926,0.010920632488875847,-0.0022400479505277904,0.4882943143812709,1.5518702828179243,0.12175460638560105,pool,excess_spy,pmarp_rvol_lift,0.17045644893984147
pmarp_up2_accept_rvol_recent3,40,718,545,530,282,0.029737924296430445,0.0034336151760736566,0.5113207547169811,-0.14864216032031552,-0.07552017978174833,0.08502966427933606,0.18945133408596534,0.021595735573049044,0.0018975415065907858,0.5141843971631206,1.503061795845543,0.13394610219953243,pool,excess_spy,pmarp_rvol_lift,0.18031206065321673
pmarp_up2_accept_rvol_recent3,60,718,507,468,255,0.02858940674071708,-0.001354510068898529,0.49145299145299143,-0.18281522562872696,-0.0932477010011708,0.08601100043969415,0.20007065811070915,0.024756865361068244,0.0002141119090262933,0.5019607843137255,1.342153309738474,0.1807447375885091,pool,excess_spy,pmarp_rvol_lift,0.22593092198563638
pmarp_up2_accept_rvol_recent5,5,1107,968,966,418,0.0024446566577754143,2.98684159727447e-05,0.5,-0.057864799477944207,-0.026769492911335402,0.027465202772432723,0.060619932407049326,0.0011136551078758424,0.000547177284825871,0.507177033492823,0.41516433115683776,0.6782351325970073,pool,excess_spy,pmarp_rvol_lift,0.6782351325970073
pmarp_up2_accept_rvol_recent5,10,1107,904,900,402,0.006426305275711118,0.002192263804360328,0.52,-0.06605907060615764,-0.035956572271904436,0.03981762233441333,0.07930605784394493,0.005294362055854127,0.001757969816372662,0.5174129353233831,1.6128922160886743,0.10755459224419958,pool,excess_spy,pmarp_rvol_lift,0.15685044702279105
pmarp_up2_accept_rvol_recent5,20,1107,830,824,386,0.012412424432831849,0.004567778671000333,0.5266990291262136,-0.0980708037111927,-0.04399218669843444,0.059056178971492845,0.10877995657642588,0.01102187020596582,0.002203973752857802,0.5181347150259067,2.064256295801095,0.039662814312168046,pool,excess_spy,pmarp_rvol_lift,0.08165873534858127
pmarp_up2_accept_rvol_recent5,40,1107,740,719,365,0.02822044865721134,0.011376580363855693,0.5340751043115438,-0.144121303296607,-0.07086802221133542,0.0868704834595696,0.1892361490337695,0.024413843401342464,0.008435043308301915,0.5287671232876713,2.1100311908029954,0.03553763405759669,pool,excess_spy,pmarp_rvol_lift,0.07773857450099275
pmarp_up2_accept_rvol_recent5,60,1107,689,635,327,0.03040858473872422,0.002278550872362173,0.5086614173228347,-0.18015149862677965,-0.08758644784701691,0.0997368617170371,0.22737861281257885,0.03189900687629838,0.0035345361308094514,0.5168195718654435,2.3581213370507004,0.01895779713201034,pool,excess_spy,pmarp_rvol_lift,0.055293574968363485
pmarp_up2_accept_rvol_same_day,5,181,177,177,81,-0.00017026136084408235,-0.006224244744780449,0.4632768361581921,-0.06850474919883842,-0.0359723838843139,0.02036422368602353,0.0494351951371075,0.013222126605892278,0.00528346850537087,0.5432098765432098,1.1119768846923754,0.26947859791632545,pool,excess_spy,pmarp_rvol_lift,0.32523279058866866
pmarp_up2_accept_rvol_same_day,10,181,173,173,81,0.012829826368147753,0.004789608212328211,0.5375722543352601,-0.06966970467574188,-0.036994011612509814,0.044795980347911435,0.07651597121033749,0.02314911366458485,-0.0001932695802156307,0.49382716049382713,1.720323393995548,0.08923979736957324,pool,excess_spy,pmarp_rvol_lift,0.13700793610028586
pmarp_up2_accept_rvol_same_day,20,181,173,173,81,0.02661092815110534,-1.208425362353438e-05,0.49710982658959535,-0.08911017919132795,-0.04144500177331911,0.06446597451763769,0.12160858497048921,0.049173779565962035,0.018416567240911192,0.5679012345679012,2.062437717538432,0.04241139204666996,pool,excess_spy,pmarp_rvol_lift,0.08246659564630271
pmarp_up2_accept_rvol_same_day,40,181,166,166,81,0.057832781647876134,0.0193776348933134,0.5662650602409639,-0.11728911197726188,-0.06211794376883656,0.09580946562585191,0.20582444998771254,0.08220282646604891,0.01586752778588894,0.5679012345679012,2.2316372632141888,0.028436819795437666,pool,excess_spy,pmarp_rvol_lift,0.06635257952268789
pmarp_up2_accept_rvol_same_day,60,181,163,158,74,0.08068599305150984,0.018441117276923102,0.5443037974683544,-0.14413246782383116,-0.06815651388712476,0.12639054355331858,0.2826874995259385,0.0997827711286534,0.0033553735728065748,0.527027027027027,2.019186472099206,0.04714037017658374,pool,excess_spy,pmarp_rvol_lift,0.08683752400949636
pmarp_up2_base,5,2870,2241,2236,598,0.0036310978055575176,0.00208866489079107,0.5192307692307693,-0.05862627246312979,-0.02637306815325996,0.02875447041567164,0.06694766669804714,0.001791841980098806,-0.00010797017484538861,0.49665551839464883,0.7993148176986354,0.4244257870256845,pool,excess_spy,pmarp_rvol_lift,0.4642157045593424
pmarp_up2_base,10,2870,1941,1934,561,0.008066831006352424,0.0020833149301963116,0.515511892450879,-0.0750321625619336,-0.03488245802914,0.04286028746838738,0.09640942471908073,0.005445993904133987,0.0019474828014578005,0.5187165775401069,1.714913870504658,0.08691424395249304,pool,excess_spy,pmarp_rvol_lift,0.13700793610028586
pmarp_up2_base,20,2870,1652,1624,515,0.014925272881840035,0.004567778671000333,0.5240147783251231,-0.10312596976124892,-0.04855595622516523,0.06164224038733204,0.12766703239815047,0.014147827281431371,0.0038829190867018526,0.5339805825242718,2.589841947108675,0.009874356480282405,pool,excess_spy,pmarp_rvol_lift,0.03754782785077934
pmarp_up2_base,40,2870,1338,1274,460,0.032133872819217646,0.006945882824421323,0.5227629513343799,-0.15174163601441373,-0.07341972210875192,0.09097693275976507,0.21160780763278825,0.02698454945580952,0.01254990119028826,0.5413043478260869,2.9117514893989327,0.0037691475871772274,pool,excess_spy,pmarp_rvol_lift,0.03201386768746463
pmarp_up2_base,60,2870,1191,1087,413,0.0338269433414674,-0.006508257552819696,0.48114075436982523,-0.19770927997317525,-0.09377165478343241,0.10739637023800919,0.2639630320808272,0.04168303912396803,0.004483224543971875,0.5230024213075061,2.7197797804524604,0.006808899272818996,pool,excess_spy,pmarp_rvol_lift,0.03754782785077934
pmarp_up2_reject_rvol_recent3,5,2152,1727,1723,507,0.003514095430039999,0.002568400083928113,0.5258270458502612,-0.05800696137668275,-0.026418137006907427,0.028695222623015604,0.06939653758417798,0.0027915605661334372,0.00046811049328920884,0.5088757396449705,1.0563377623288708,0.2913180001249697,pool,excess_spy,pmarp_rvol_lift,0.32890741949593355
pmarp_up2_reject_rvol_recent3,10,2152,1531,1526,482,0.008697124438446249,0.00166833751949369,0.508519003931848,-0.07977471078687737,-0.035389607733547795,0.04401903941495244,0.09911340596654417,0.007366225835316219,0.0023607825577319427,0.516597510373444,1.9449762613378123,0.05236021285142168,pool,excess_spy,pmarp_rvol_lift,0.09163037248998794
pmarp_up2_reject_rvol_recent3,20,2152,1335,1309,448,0.014632951421652308,0.0036341221643936272,0.5233002291825821,-0.10807579509377137,-0.04943138755860421,0.06001947057726331,0.13718820970044732,0.01745796642119591,0.0027823757559039264,0.53125,2.634435083114115,0.008720302317800514,pool,excess_spy,pmarp_rvol_lift,0.03754782785077934
pmarp_up2_reject_rvol_recent3,40,2152,1133,1067,401,0.028839561592501374,0.009340315237126973,0.5229615745079662,-0.15075503780230684,-0.07419915182409631,0.08958726445129367,0.2095825334874242,0.024846243206436736,0.002205392205778256,0.5087281795511222,2.563466402912908,0.010727950814508383,pool,excess_spy,pmarp_rvol_lift,0.03754782785077934
pmarp_up2_reject_rvol_recent3,60,2152,1029,932,367,0.038070597886405974,-0.00028385803667896337,0.4989270386266094,-0.19138485774198077,-0.08862095515597179,0.11929787194456984,0.2783552406927385,0.04336366312202,0.009466215309234638,0.5313351498637602,2.8532511659501956,0.004573409669637804,pool,excess_spy,pmarp_rvol_lift,0.03201386768746463
pmarp_up2_reject_rvol_recent5,5,1763,1423,1420,440,0.0042104687781081345,0.0028334656709339545,0.528169014084507,-0.059323642364733455,-0.02523541116276118,0.029472249487205976,0.06964758908443024,0.002999014554683164,0.0008789864141879272,0.5227272727272727,1.0783616296147633,0.2814645618520705,pool,excess_spy,pmarp_rvol_lift,0.32837532216074894
pmarp_up2_reject_rvol_recent5,10,1763,1276,1273,420,0.011232318672822853,0.003132777506852258,0.5208169677926159,-0.07897616822994999,-0.033470200836919095,0.04798311261942145,0.1040252732240116,0.009430967105000874,0.0028358894419872327,0.530952380952381,2.3146157796510733,0.021116612937617043,pool,excess_spy,pmarp_rvol_lift,0.056852419447430504
pmarp_up2_reject_rvol_recent5,20,1763,1145,1119,391,0.016626578359473874,0.0032282542124475455,0.515638963360143,-0.10429409635386074,-0.04944100807736912,0.06064111728742755,0.145922357284497,0.019655533565149038,0.002652057366576773,0.5319693094629157,2.900011395464841,0.003942676632008859,pool,excess_spy,pmarp_rvol_lift,0.03201386768746463
pmarp_up2_reject_rvol_recent5,40,1763,993,929,351,0.03177516739547497,0.007115614513498958,0.5242195909580194,-0.14909303695583512,-0.07089623530736244,0.08972575157519702,0.2161804638399812,0.032859227395956356,0.006205034719067248,0.5185185185185185,3.292571366958774,0.0010939957596051366,pool,excess_spy,pmarp_rvol_lift,0.01914492579308989
pmarp_up2_reject_rvol_recent5,60,1763,904,817,326,0.04455520680952635,-0.0003956091016152907,0.4981640146878825,-0.18713858765343958,-0.08701643788630864,0.1251376311337633,0.2976006090478913,0.05590463594139227,0.008841607519154804,0.5337423312883436,3.303786982978983,0.0010602578557805753,pool,excess_spy,pmarp_rvol_lift,0.01914492579308989
pmarp_up2_reject_rvol_same_day,5,2689,2122,2117,588,0.0037407041784966776,0.0024196474479389884,0.5229097779877184,-0.056880099997185365,-0.026118558697361238,0.02885970014015382,0.06841942198573797,0.0011519404429404902,-0.0005575631003611692,0.4931972789115646,0.5045103933846653,0.6140920852799739,pool,excess_spy,pmarp_rvol_lift,0.6321536171999732
pmarp_up2_reject_rvol_same_day,10,2689,1847,1840,552,0.008057602292998085,0.0017658651897377031,0.5119565217391304,-0.07530854658030736,-0.03499494606408013,0.04265213878945906,0.09763483582251506,0.004645627737931829,0.002003217095922638,0.5144927536231884,1.452824048327388,0.14684184917591206,pool,excess_spy,pmarp_rvol_lift,0.19035054522803416
pmarp_up2_reject_rvol_same_day,20,2689,1576,1548,509,0.013849010698895008,0.0035104127828645137,0.520671834625323,-0.10554665045991496,-0.04968443766500624,0.0603873447786509,0.1310348694046915,0.012234970837064499,0.0020196767904751,0.5206286836935167,2.211052451996515,0.027476831867026697,pool,excess_spy,pmarp_rvol_lift,0.06635257952268789
pmarp_up2_reject_rvol_same_day,40,2689,1293,1229,452,0.029933782397746217,0.005823611456059252,0.5199349064279902,-0.15313232681426492,-0.07437950897886003,0.08772076579117427,0.2105321617024998,0.02160172820654702,0.012205683931465539,0.5376106194690266,2.5032399284288736,0.01265872144244361,pool,excess_spy,pmarp_rvol_lift,0.040277750044138756
pmarp_up2_reject_rvol_same_day,60,2689,1149,1045,411,0.03039899348540144,-0.008102770128739945,0.47655502392344495,-0.2000001362174116,-0.09464471934546093,0.10347368292824699,0.25981199325378024,0.039158871869833065,0.004483224543971875,0.5206812652068127,2.5679392900866573,0.010583876877298053,pool,excess_spy,pmarp_rvol_lift,0.03754782785077934
rvol_up2_pmarp_gte60,5,2446,2145,2131,775,0.008104466860488744,0.0009281897857227328,0.5077428437353355,-0.06537600919101716,-0.02868746841491887,0.0332241637982314,0.08164090395312895,0.011487947131694726,0.0019085043994984119,0.5174193548387097,3.220967568160556,0.0013309734501793444,pool,excess_spy,strong_state_confirmation,0.0015658511178580521
rvol_up2_pmarp_gte60,10,2446,1954,1930,741,0.015487449431988919,0.003054574603875704,0.5243523316062176,-0.07984562105091454,-0.03538984860762004,0.0463429117688795,0.11471833862321362,0.016796912959219115,0.0014280864555859059,0.5141700404858299,3.6193861188735674,0.00031540881640927226,pool,excess_spy,strong_state_confirmation,0.0005609257309819916
rvol_up2_pmarp_gte60,20,2446,1716,1688,687,0.020483880725653276,0.003163249855700656,0.5183649289099526,-0.10953689919131654,-0.051449573961342726,0.06220125294000273,0.15218933395759698,0.019757325774395162,0.005272591185865827,0.5312954876273653,3.755236066278548,0.00018787164231276303,pool,excess_spy,strong_state_confirmation,0.00046967910578190757
rvol_up2_pmarp_gte60,40,2446,1426,1386,629,0.029239495095302753,-0.0010404097047192473,0.4935064935064935,-0.16106664798301223,-0.08107471111567932,0.0929130886236463,0.20875983979199542,0.03666309775302273,0.0005762836390235798,0.5023847376788553,4.321937203786944,1.7979988004945464e-05,pool,excess_spy,strong_state_confirmation,0.00023386673278478226
rvol_up2_pmarp_gte60,60,2446,1258,1199,563,0.03731575936123635,0.0018052530839576253,0.5029190992493745,-0.1816487667332474,-0.09770071805632752,0.10485411050869259,0.2444406355714658,0.05064538236595479,0.004148932959270213,0.5097690941385435,3.638487603966183,0.00029950953067362104,pool,excess_spy,strong_state_confirmation,0.0005609257309819916
rvol_up2_pmarp_gte60_close_near_high,5,1137,1072,1065,523,0.0057635817247347655,9.636299185844521e-05,0.5004694835680751,-0.06615911202234807,-0.030978952764068368,0.032446562594943495,0.07708331146548966,0.00802595769845762,0.00021354577074372827,0.5066921606118547,2.3500300860708836,0.019143308841863754,pool,excess_spy,strong_state_confirmation,0.019143308841863754
rvol_up2_pmarp_gte60_close_near_high,10,1137,1006,991,493,0.017801695101143853,0.004419260083198928,0.5317860746720484,-0.08076126485805024,-0.03591155284541414,0.04573197039218352,0.11721563848035177,0.01733110988243639,0.0037737180425756467,0.5233265720081136,3.472172785300263,0.0005617707006020899,pool,excess_spy,strong_state_confirmation,0.0007490276008027865
rvol_up2_pmarp_gte60_close_near_high,20,1137,938,922,470,0.021255528937651095,0.0076304805354247,0.5357917570498916,-0.10978460504830938,-0.05332408115582127,0.062320277802428936,0.15140906378059882,0.024619001485113257,0.006519009955319637,0.5404255319148936,3.707736003358096,0.00023412096584082503,pool,excess_spy,strong_state_confirmation,0.0005202688129796111
rvol_up2_pmarp_gte60_close_near_high,40,1137,828,804,426,0.03320798946642614,-0.0030129249683011894,0.4937810945273632,-0.16110101722227077,-0.07990822630882191,0.10116613535395019,0.22611430094039917,0.04207783073981266,0.0032867873571238064,0.5187793427230047,3.9083364292106397,0.0001081166891133166,pool,excess_spy,strong_state_confirmation,0.00036038896371105535
rvol_up2_pmarp_gte60_close_near_high,60,1137,758,723,393,0.04117317463544159,-0.002593426543457955,0.4896265560165975,-0.18397743702650785,-0.09962682226266534,0.10727809384103526,0.2549654787250206,0.052710613329019475,-0.006787089317684569,0.47837150127226463,3.296092094789105,0.001069753076450581,pool,excess_spy,strong_state_confirmation,0.0013371913455632262
rvol_up2_pmarp_gte60_sign_pos,5,1833,1663,1651,696,0.009115375758421857,0.0006734381584686533,0.5051483949121744,-0.06814105523793945,-0.03065040148975534,0.03573966847367621,0.0846203234316022,0.01082432632225479,0.00022272710271720175,0.5100574712643678,2.7896216602838786,0.005421508076208257,pool,excess_spy,strong_state_confirmation,0.006023897862453619
rvol_up2_pmarp_gte60_sign_pos,10,1833,1542,1522,664,0.017340801260903045,0.004189656178560708,0.5315374507227333,-0.0815348266116747,-0.03630019906467316,0.04808546647918738,0.11753740753681682,0.018846420669412365,0.0015597043454503635,0.5195783132530121,3.6042249145541967,0.00033655543858919496,pool,excess_spy,strong_state_confirmation,0.0005609257309819916
rvol_up2_pmarp_gte60_sign_pos,20,1833,1390,1368,621,0.023001084275935044,0.003804639919228525,0.5168128654970761,-0.1113792388432325,-0.05413254455068092,0.06378979897843698,0.16682836847719115,0.023797241909467855,0.006829454714303296,0.537842190016103,4.168132194456297,3.508000991771734e-05,pool,excess_spy,strong_state_confirmation,0.00023386673278478226
rvol_up2_pmarp_gte60_sign_pos,40,1833,1197,1165,575,0.03174880098656419,-0.00287243081214128,0.4901287553648069,-0.1630150738870127,-0.08326729784274833,0.09619605009445842,0.22342256371015454,0.03873561043770489,-0.0007082890961216115,0.49043478260869566,4.212328686056589,2.9344610182252966e-05,pool,excess_spy,strong_state_confirmation,0.00023386673278478226
rvol_up2_pmarp_gte60_sign_pos,60,1833,1067,1017,514,0.04146177603373046,-0.0008571724127932612,0.49655850540806296,-0.19067828342257173,-0.10310365074117178,0.11249427792420841,0.2654936238795847,0.05842983156997756,0.004900054886501781,0.5233463035019456,3.7638828264462134,0.00018662780916769287,pool,excess_spy,strong_state_confirmation,0.00046967910578190757
rvol_up2_pmarp_gte60_sign_pos_close_near_high,5,1030,976,969,496,0.006761793363879547,0.00030599990946544864,0.5036119711042312,-0.06689404503542258,-0.031617636047237885,0.034933868983511474,0.0805288553287052,0.008660177815539889,0.00035505028768925267,0.5080645161290323,2.3787010648293694,0.017752094606247118,pool,excess_spy,strong_state_confirmation,0.018686415374996965
rvol_up2_pmarp_gte60_sign_pos_close_near_high,10,1030,919,906,469,0.01966839011026676,0.004850622938169069,0.5320088300220751,-0.08104528255238852,-0.03742227529495612,0.04827374269850593,0.12527373211550563,0.019410026847577092,0.0045776085881718,0.5330490405117271,3.5700656594676734,0.00039377394848184047,pool,excess_spy,strong_state_confirmation,0.000605806074587447
rvol_up2_pmarp_gte60_sign_pos_close_near_high,20,1030,858,844,446,0.023989383406865482,0.0077322915789735935,0.5343601895734598,-0.10913977078778356,-0.05524879694420795,0.06409744882802851,0.16502045514751149,0.02745719928822258,0.00805804846670051,0.5515695067264574,3.948146649423576,9.152705602006098e-05,pool,excess_spy,strong_state_confirmation,0.00036038896371105535
rvol_up2_pmarp_gte60_sign_pos_close_near_high,40,1030,763,742,407,0.036140208019816225,-0.0030129249683011894,0.49326145552560646,-0.16113538646152928,-0.08061016300288787,0.1070338118147591,0.23873762909611174,0.04445809801954735,0.003619779403198242,0.5208845208845209,3.978488906682619,8.213194490709951e-05,pool,excess_spy,strong_state_confirmation,0.00036038896371105535
rvol_up2_pmarp_gte60_sign_pos_close_near_high,60,1030,701,668,374,0.046124696329120515,-0.002333944003625188,0.49101796407185627,-0.18631359445917853,-0.09961018518392531,0.1113425695009827,0.2673539932606996,0.05976394861839141,-0.00019679075215679742,0.5,3.540978767468138,0.0004491115028810243,pool,excess_spy,strong_state_confirmation,0.0006415878612586061
rvol_up2_pmarp_lt30_close_near_low,5,1067,1002,998,456,0.005956480512914229,0.0028180911423945076,0.533066132264529,-0.05658352030815504,-0.022786684629345605,0.031616805168663165,0.06580612499547715,0.004555854831966755,0.0007188028122292467,0.5109649122807017,1.5821796490988367,0.11430339281094579,pool,excess_spy,low_state_rebound,0.163290561158494
rvol_up2_pmarp_lt30_close_near_low,10,1067,957,951,441,0.009751426613361282,0.004963295550568736,0.5425867507886435,-0.06982811943161393,-0.028233506160049104,0.04178956956240121,0.08827960359673215,0.004876911496996545,0.0034188367677443487,0.5306122448979592,1.3766179043140894,0.16933048916024282,pool,excess_spy,low_state_rebound,0.21166311145030353
rvol_up2_pmarp_lt30_close_near_low,20,1067,876,864,418,0.015081355631579953,0.0038011966663064056,0.5115740740740741,-0.09616644638547908,-0.042523214363839906,0.06168914856809596,0.13180480864758373,0.015361407374192624,0.004713163567676852,0.5263157894736842,2.5868459814905136,0.01002357404501669,pool,excess_spy,low_state_rebound,0.017073519149127133
rvol_up2_pmarp_lt30_close_near_low,40,1067,783,758,391,0.024635382756831678,0.005509994030063137,0.5131926121372031,-0.13368232260200924,-0.06646922001976391,0.08921989189992113,0.1794229719638614,0.02352739132146067,0.00783273168286902,0.5166240409207161,2.7214798469533275,0.006790301370740487,pool,excess_spy,low_state_rebound,0.017073519149127133
rvol_up2_pmarp_lt30_close_near_low,60,1067,711,661,349,0.043276722610127,-0.001009950309349028,0.4962178517397882,-0.17690630588087364,-0.0809435168072623,0.11011116685990574,0.23655327392582337,0.035957809663742915,0.0027821574740457544,0.5071633237822349,2.7433666857930334,0.0063961586711515335,pool,excess_spy,low_state_rebound,0.017073519149127133
rvol_up2_pmarp_lt30_sign_neg,5,1793,1646,1637,631,0.0029676693326537535,0.001083159993374272,0.5155772755039707,-0.062499250023594854,-0.028042369759052166,0.03115928398798573,0.0665400646878931,-0.001006346948552857,-0.0011875016821616402,0.49128367670364503,-0.4972924954502106,0.6191563093884519,pool,excess_spy,low_state_rebound,0.6191563093884519
rvol_up2_pmarp_lt30_sign_neg,10,1793,1534,1524,610,0.006462712446162525,0.0033889261543864624,0.5249343832020997,-0.07527641752097876,-0.03314384014001148,0.04086600116326794,0.09109282473362633,0.002572801653181912,0.002062924256643728,0.5147540983606558,0.8701760718866703,0.3845470422711235,pool,excess_spy,low_state_rebound,0.42727449141235946
rvol_up2_pmarp_lt30_sign_neg,20,1793,1363,1348,572,0.012648834748432734,0.002658532726363849,0.5126112759643917,-0.1008101081495515,-0.04702233965809821,0.06583383195182554,0.1299969600031511,0.012060634402924464,0.0013987221653468662,0.5052447552447552,2.57603959589938,0.010244111489476281,pool,excess_spy,low_state_rebound,0.017073519149127133
rvol_up2_pmarp_lt30_sign_neg,40,1793,1160,1123,522,0.02623945446426693,0.007596078074801449,0.5235975066785397,-0.1433132189718183,-0.0709474335446959,0.09188575976254898,0.18954433369850865,0.01892945564441214,0.008377512352775174,0.5306513409961686,2.8040704474099316,0.005234484276018143,pool,excess_spy,low_state_rebound,0.017073519149127133
rvol_up2_pmarp_lt30_sign_neg,60,1793,1030,964,468,0.03327028892537623,-0.0008586262574206138,0.49688796680497926,-0.18031061706686521,-0.08991318372540702,0.10347716040197863,0.22528864373258847,0.027886442234285113,0.0009236672058023255,0.5042735042735043,2.5941570353837715,0.009780294706886093,pool,excess_spy,low_state_rebound,0.017073519149127133
pmarp_up2_accept_rvol_recent3,5,2720,2505,2497,658,0.004040515419596054,0.004099742172704479,0.5326391670004005,-0.05516926708063854,-0.023973916659618677,0.031233883051502653,0.06262361090123796,0.0031057905969714673,0.0041730914883814085,0.5531914893617021,1.8037774176245134,0.07172414481474655,extended,raw,pmarp_rvol_lift,0.08097887317793966
pmarp_up2_accept_rvol_recent3,10,2720,2397,2382,648,0.010155334919798227,0.008386098835680866,0.5650713685978169,-0.06729446876770115,-0.025640843043836264,0.04642428032697726,0.0887866373775415,0.005181531187256803,0.004994012428509248,0.5478395061728395,2.2715445189625454,0.023441602264250863,extended,raw,pmarp_rvol_lift,0.02734853597495934
pmarp_up2_accept_rvol_recent3,20,2720,2285,2265,628,0.023079249994303087,0.021019815864044,0.6154525386313465,-0.08261291659393025,-0.02749112923592978,0.07217399785428658,0.1276297596110202,0.009877350905765853,0.010229004062876319,0.5636942675159236,2.9308351709267293,0.003503595834249722,extended,raw,pmarp_rvol_lift,0.004716379007643857
pmarp_up2_accept_rvol_recent3,40,2720,2093,2007,598,0.04106111258983106,0.03082661860233027,0.6068759342301944,-0.11553664017557648,-0.04431066475436146,0.11090914796014417,0.19582906037029804,0.027588018857674472,0.018002386461636547,0.5635451505016722,4.076209990011335,5.197208001032474e-05,extended,raw,pmarp_rvol_lift,0.00011368892502258536
pmarp_up2_accept_rvol_recent3,60,2720,1980,1829,563,0.05420790969695394,0.04123707285899503,0.6342263531984691,-0.12679853598608928,-0.047244094488189003,0.12427090339352298,0.22684222474755156,0.047734428811881245,0.03470290365435572,0.6287744227353463,5.133058256328036,3.9339168010391433e-07,extended,raw,pmarp_rvol_lift,1.5298565337374446e-06
pmarp_up2_accept_rvol_recent5,5,4071,3561,3550,784,0.004050774277393394,0.0036286490073879074,0.532394366197183,-0.05413712629342079,-0.024954407458982447,0.03126200398664519,0.06296994810543605,0.0019537169232546744,0.002937060102055901,0.5331632653061225,1.2455697946467135,0.21329496790830949,extended,raw,pmarp_rvol_lift,0.2195683493173774
pmarp_up2_accept_rvol_recent5,10,4071,3366,3347,772,0.010759558796212912,0.008924416291106407,0.5694651927098895,-0.06633070833563157,-0.025258260778751318,0.04628067397079061,0.08794011517301047,0.003525260691407201,0.004638557348836855,0.5479274611398963,1.7544219456354293,0.07975546513054797,extended,raw,pmarp_rvol_lift,0.08723253998653685
pmarp_up2_accept_rvol_recent5,20,4071,3141,3113,740,0.02242959648884878,0.01966466056456162,0.6103437198843559,-0.08333218385552069,-0.028571507788196504,0.07205588822355291,0.12885838072275752,0.008331825038133317,0.010585179537839856,0.5554054054054054,2.7385745610445382,0.006319207863928959,extended,raw,pmarp_rvol_lift,0.007899009829911199
pmarp_up2_accept_rvol_recent5,40,4071,2808,2688,702,0.038936422334433694,0.030314608733843063,0.5997023809523809,-0.11550784103666475,-0.04541287678122227,0.11069878615622836,0.1961062746489181,0.022457115163173197,0.01746688983788519,0.5655270655270656,3.871244826692881,0.00011839796888754544,extended,raw,pmarp_rvol_lift,0.00023021827283689392
pmarp_up2_accept_rvol_recent5,60,4071,2636,2434,659,0.0553263433030443,0.042441324429883576,0.6413311421528348,-0.12533721942978002,-0.04268441723723329,0.13101599429197253,0.23571186024843038,0.03723894563101698,0.029587210689572707,0.622154779969651,6.347503187306435,4.0765702962621515e-10,extended,raw,pmarp_rvol_lift,2.377999339486255e-09
pmarp_up2_accept_rvol_same_day,5,642,629,628,230,-0.0029048158160463783,-0.001210008563979903,0.4888535031847134,-0.05669703102379931,-0.030262336455053745,0.026554243133825983,0.05307570386634151,7.541579229477223e-06,0.0029328926447530768,0.5217391304347826,0.0023334592676109464,0.9981402020234572,extended,raw,pmarp_rvol_lift,0.9981402020234573
pmarp_up2_accept_rvol_same_day,10,642,622,621,230,0.009172665145436609,0.008237086943225114,0.5587761674718197,-0.05726850479296375,-0.02409411622386637,0.04221251334554088,0.0793044073247886,0.0067506983602013265,0.006620916850364145,0.5652173913043478,1.5464988786301401,0.1233649503711218,extended,raw,pmarp_rvol_lift,0.13084161402997768
pmarp_up2_accept_rvol_same_day,20,642,615,614,225,0.02933211862648823,0.02558203884017718,0.6465798045602605,-0.0804124561897078,-0.0191439505102583,0.07766605600315757,0.1330288695246329,0.020829862754401674,0.016909968871697822,0.5777777777777777,3.1690828038440646,0.0017426246481264322,extended,raw,pmarp_rvol_lift,0.0027723573947465966
pmarp_up2_accept_rvol_same_day,40,642,599,586,217,0.06079947939968957,0.04966059697538294,0.6706484641638225,-0.09455400254513674,-0.01979193702945725,0.13311443082192154,0.22615504796713837,0.036545183228492324,0.026654840056467677,0.6129032258064516,4.26577925846369,2.9796571922612944e-05,extended,raw,pmarp_rvol_lift,7.449142980653237e-05
pmarp_up2_accept_rvol_same_day,60,642,591,564,202,0.06911944604364899,0.05563620549689474,0.6702127659574468,-0.11909694008221154,-0.03385847151669821,0.140050346601385,0.2547102417923266,0.05680059130988652,0.04673235565233502,0.6633663366336634,3.7069444429655833,0.0002712390189790624,extended,raw,pmarp_rvol_lift,0.00047466828321335926
pmarp_up2_base,5,9936,7835,7809,925,0.004800329719203093,0.004467569961205342,0.5416826738378794,-0.05361184084567017,-0.022853180976151743,0.03159888890516349,0.06358903703163174,0.003351202508209211,0.003476060803423442,0.547027027027027,2.6267386988049726,0.008763473483676495,extended,raw,pmarp_rvol_lift,0.01057660592857508
pmarp_up2_base,10,9936,6754,6707,887,0.010440370374980497,0.008733611024736021,0.5643357685999701,-0.0682674166715002,-0.02733029509030166,0.04672177711261072,0.09085953894272639,0.004962215579052987,0.0046371197403580755,0.5490417136414881,2.972769814823318,0.0030311539989213753,extended,raw,pmarp_rvol_lift,0.004420432915093672
pmarp_up2_base,20,9936,5827,5748,853,0.021545070720372046,0.017273756733910295,0.5904662491301322,-0.084217768712122,-0.0335890529552787,0.07145568704494676,0.13107632619361534,0.011668659640210712,0.009821500861256337,0.567409144196952,4.381107090535042,1.3279190402357002e-05,extended,raw,pmarp_rvol_lift,3.5751666467884234e-05
pmarp_up2_base,40,9936,4799,4550,797,0.03879629386343781,0.02539879540356693,0.5945054945054945,-0.11412492374224885,-0.0460680643100192,0.10932959296521316,0.19949990404648063,0.027352769372457356,0.01633910021661822,0.5796737766624843,5.001761571758304,6.992854471576778e-07,extended,raw,pmarp_rvol_lift,2.0395825542098934e-06
pmarp_up2_base,60,9936,4287,3942,740,0.05686650221089717,0.041385109062699876,0.6402841197361745,-0.12262115006167632,-0.040891581381345826,0.1311004721289294,0.24040352511340995,0.043644712759232256,0.032747928843248814,0.6189189189189189,7.190620085896822,1.5829539900438152e-12,extended,raw,pmarp_rvol_lift,1.8467796550511176e-11
pmarp_up2_reject_rvol_recent3,5,7216,5891,5872,855,0.005293134926362736,0.004849643331823583,0.5490463215258855,-0.052438087870872896,-0.022330849953832194,0.031758972787465256,0.06383545141642158,0.004360473929187322,0.0028630487272177096,0.5450292397660819,3.1599327362998086,0.0016336393792012447,extended,raw,pmarp_rvol_lift,0.002722732298668741
pmarp_up2_reject_rvol_recent3,10,7216,5211,5177,825,0.011123311863942338,0.009233566784520253,0.5648058721267143,-0.06748077679907154,-0.027329225070331975,0.047441748738890066,0.09193986990143532,0.007077859672909078,0.005117194157119309,0.566060606060606,4.005262346228585,6.754726745143564e-05,extended,raw,pmarp_rvol_lift,0.00013906790357648516
pmarp_up2_reject_rvol_recent3,20,7216,4606,4536,788,0.021135655534272785,0.015091964973384386,0.5842151675485009,-0.08371828602454046,-0.03512719076415008,0.0712716825482787,0.13036738615930255,0.015100416069854308,0.012328941146734024,0.5799492385786802,5.1415011069316945,3.4420660983876465e-07,extended,raw,pmarp_rvol_lift,1.5059039180445953e-06
pmarp_up2_reject_rvol_recent3,40,7216,3960,3719,737,0.037747127567867744,0.02472551365047715,0.5923635385856413,-0.11200105458757673,-0.04589896851080211,0.10952253513445753,0.1954437179419898,0.027177972757831976,0.015387865492291966,0.5902306648575305,6.247639087909978,7.047545776382094e-10,extended,raw,pmarp_rvol_lift,3.5237728881910474e-09
pmarp_up2_reject_rvol_recent3,60,7216,3588,3286,677,0.056957961222042844,0.04228060603889927,0.6415094339622641,-0.1218933058773175,-0.04011266240016928,0.13697152290509973,0.2422499854338438,0.04763192189162005,0.036722744688578945,0.6351550960118169,8.208534119876996,1.134077427151413e-15,extended,raw,pmarp_rvol_lift,3.4779784246665444e-14
pmarp_up2_reject_rvol_recent5,5,5865,4807,4791,774,0.005720440655056446,0.005464549279906583,0.5537466082237529,-0.05222252826554419,-0.021030689957915627,0.032050478267568905,0.06328753405960197,0.004473902272106781,0.003079513816476337,0.5452196382428941,2.9311570308766233,0.0034766134547578728,extended,raw,pmarp_rvol_lift,0.004716379007643857
pmarp_up2_reject_rvol_recent5,10,5865,4325,4295,745,0.011735822069411546,0.010089522297933584,0.5729918509895227,-0.06739983616910436,-0.027259168363517328,0.047841785657170455,0.09194140386285587,0.00792666972738362,0.007730865101269968,0.5664429530201343,3.8084822406980114,0.00015135082292659898,extended,raw,pmarp_rvol_lift,0.00027880414749636653
pmarp_up2_reject_rvol_recent5,20,5865,3895,3825,713,0.022004889535269027,0.015456212954577886,0.5801307189542484,-0.08236588641426784,-0.03563887580605796,0.07243495389845567,0.13074024898881786,0.016488223740288282,0.012477777348381958,0.573632538569425,5.011773726054906,6.811641364427575e-07,extended,raw,pmarp_rvol_lift,2.0395825542098934e-06
pmarp_up2_reject_rvol_recent5,40,5865,3415,3184,660,0.04045950768012536,0.027506885245449864,0.6045854271356784,-0.11041896837269026,-0.0444712926632308,0.11192684066319147,0.19917167380361217,0.031168874457032866,0.0162752722485894,0.6,6.625655353383876,7.188756293249734e-11,extended,raw,pmarp_rvol_lift,5.032129405274813e-10
pmarp_up2_reject_rvol_recent5,60,5865,3114,2837,606,0.058142396745548545,0.04350719657657787,0.6425801903419105,-0.12339274044232924,-0.038818944844124736,0.13826219708326049,0.24426958057162343,0.05196582781925471,0.039962626115987776,0.636963696369637,8.1572254887754,1.987416242666597e-15,extended,raw,pmarp_rvol_lift,3.4779784246665444e-14
pmarp_up2_reject_rvol_same_day,5,9294,7400,7375,914,0.005365818948591707,0.004841208422827981,0.5463050847457627,-0.05322289510143576,-0.022390402927912112,0.03199288552138013,0.0641945753312934,0.0036685891704043984,0.0035342329711533136,0.5481400437636762,2.875253376465275,0.0041308660649259955,extended,raw,pmarp_rvol_lift,0.005354826380459623
pmarp_up2_reject_rvol_same_day,10,9294,6414,6368,873,0.010792177883242347,0.0089094370687538,0.5661118090452262,-0.06886933361989703,-0.027372711356208834,0.047402332118527235,0.09163333459977255,0.005107232511460227,0.004975013520760485,0.5578465063001146,3.0485876481633305,0.0023686081922595797,extended,raw,pmarp_rvol_lift,0.003604403770829795
pmarp_up2_reject_rvol_same_day,20,9294,5565,5486,845,0.021268404067885043,0.01677213987308912,0.588589135982501,-0.08444481105522422,-0.035163010948438184,0.07165448173393357,0.13225761710648554,0.010934464345058622,0.009638681017968276,0.570414201183432,4.162175416393439,3.4756725756930624e-05,extended,raw,pmarp_rvol_lift,8.109902676617145e-05
pmarp_up2_reject_rvol_same_day,40,9294,4626,4379,792,0.03759663237156677,0.02453995208030202,0.5914592372687828,-0.11490325309541323,-0.04647010460911777,0.10758781351454227,0.19599753228732228,0.027834318906171975,0.014685878617751441,0.577020202020202,5.086694775419486,4.5535622094205725e-07,extended,raw,pmarp_rvol_lift,1.5937467732972004e-06
pmarp_up2_reject_rvol_same_day,60,9294,4134,3792,739,0.055286828777706944,0.040128660371845704,0.6373945147679325,-0.12532716416080544,-0.041668025972968925,0.13075496847337975,0.23847256845718548,0.04380596171293437,0.029890358726323063,0.6156968876860622,7.136674514796415,2.2899979208030202e-12,extended,raw,pmarp_rvol_lift,2.0037481807026427e-11
rvol_up2_pmarp_gte60,5,8410,7353,7315,1063,0.0035727016494022136,0.0023809160505021687,0.5244019138755981,-0.05268513113692157,-0.02277342496864143,0.02798406541467835,0.059307633973759356,0.0027359174919718977,0.004224606407913889,0.5512699905926622,2.458023620707481,0.014129235691481782,extended,raw,strong_state_confirmation,0.014129235691481782
rvol_up2_pmarp_gte60,10,8410,6687,6639,1050,0.007738407951448634,0.0061719108308446735,0.5473715921072451,-0.07134686098386013,-0.029926687829223197,0.041661758003464944,0.08436424940380126,0.006229675595062403,0.007767098772108702,0.5723809523809524,3.9100625749942632,9.819874834444117e-05,extended,raw,strong_state_confirmation,0.00013093166445925488
rvol_up2_pmarp_gte60,20,8410,5886,5801,1019,0.013613830577507903,0.009271067832889113,0.5485261161868643,-0.0944978139285958,-0.041713371431891244,0.061090189565476516,0.11962795079309729,0.015181466891946917,0.013933986000110976,0.5966633954857704,6.069635902588243,1.806652282557307e-09,extended,raw,strong_state_confirmation,4.476618703846767e-09
rvol_up2_pmarp_gte60,40,8410,4897,4759,972,0.02099099849080063,0.011920550212406233,0.5410800588358899,-0.1338567386624216,-0.059415108031258046,0.08812459826696406,0.1720575956327685,0.022096235304718857,0.016872279254395002,0.5802469135802469,6.054167929656437,2.014478416731045e-09,extended,raw,strong_state_confirmation,4.476618703846767e-09
rvol_up2_pmarp_gte60,60,8410,4296,4079,914,0.03319507395520681,0.020044577489472193,0.5658249570973278,-0.15477456995845218,-0.06864901841681964,0.11291861899845912,0.2132157630288709,0.038083674538271835,0.029328211250341595,0.6050328227571116,6.786513290645179,2.064880671056027e-11,extended,raw,strong_state_confirmation,2.064880671056027e-10
rvol_up2_pmarp_gte60_close_near_high,5,3708,3500,3484,874,0.0028188495913350543,0.000704345439800691,0.5060275545350172,-0.05348374976192163,-0.02439824652973971,0.0264387924817584,0.05898029410436556,0.004394091369796556,0.003706520909604466,0.5354691075514875,2.875061607642147,0.004137679619649887,extended,raw,strong_state_confirmation,0.00486785837605869
rvol_up2_pmarp_gte60_close_near_high,10,3708,3329,3304,854,0.009668873839769727,0.0061613930621010615,0.5475181598062954,-0.06897738172136089,-0.030142156916111024,0.04263045217629957,0.0868633207175527,0.009060973866482674,0.007512094762126812,0.5538641686182669,4.110145168449139,4.3358411684442254e-05,extended,raw,strong_state_confirmation,6.194058812063179e-05
rvol_up2_pmarp_gte60_close_near_high,20,3708,3124,3087,833,0.015261375320887869,0.009672926681198346,0.5539358600583091,-0.09063296787041594,-0.041267846644207073,0.06221190848542246,0.1219217499775614,0.0177234977869525,0.01591874023142001,0.5918367346938775,5.663768590739141,2.0396132796029734e-08,extended,raw,strong_state_confirmation,3.708387781096315e-08
rvol_up2_pmarp_gte60_close_near_high,40,3708,2794,2718,794,0.023508841992250357,0.0144877182209876,0.5437821927888153,-0.13314576843580994,-0.0593553653214309,0.09238259736636528,0.17834828573382155,0.029004658342282913,0.021107609915142767,0.5944584382871536,6.313192601762857,4.5467751380808844e-10,extended,raw,strong_state_confirmation,1.5155917126936282e-09
rvol_up2_pmarp_gte60_close_near_high,60,3708,2571,2435,761,0.035047726393304356,0.020044577489472193,0.5683778234086242,-0.16157584664924415,-0.06775865769464817,0.11044247297159182,0.2106599981090538,0.041709234063703485,0.02903388810175604,0.6123521681997371,6.009444937276583,2.8871202049537513e-09,extended,raw,strong_state_confirmation,5.774240409907503e-09
rvol_up2_pmarp_gte60_sign_pos,5,5470,5020,4992,1006,0.0031788821079760275,0.0016486619617152032,0.5162259615384616,-0.05780601412801399,-0.025286780799756714,0.029385277985209124,0.0633914141761423,0.0038250070954138674,0.004243468201031694,0.55168986083499,2.7969699471526477,0.005256886897689874,extended,raw,strong_state_confirmation,0.005533565155463026
rvol_up2_pmarp_gte60_sign_pos,10,5470,4713,4680,988,0.009298983467286054,0.006616644784968262,0.5472222222222223,-0.07346070540024777,-0.03075712500160982,0.044526244801109116,0.09063871493182014,0.006809734109292084,0.007481202163249108,0.5637651821862348,3.684455393850427,0.00024164965163405626,extended,raw,strong_state_confirmation,0.0003020620645425703
rvol_up2_pmarp_gte60_sign_pos,20,5470,4300,4241,965,0.017587663249006243,0.011102640999816726,0.5607168120726244,-0.09598274472741553,-0.04044165874639427,0.06578096935921751,0.13414989792942555,0.01721603745692396,0.013517566078515841,0.5927461139896373,6.318547246211519,4.0280158776653846e-10,extended,raw,strong_state_confirmation,1.5155917126936282e-09
rvol_up2_pmarp_gte60_sign_pos,40,5470,3753,3648,911,0.02311797410500864,0.01412245895979869,0.5460526315789473,-0.13792069308350374,-0.06140877159341515,0.09394626800685696,0.17974940838839062,0.025569149906833087,0.019168072565506872,0.5971459934138309,6.333656927079034,3.758041801948943e-10,extended,raw,strong_state_confirmation,1.5155917126936282e-09
rvol_up2_pmarp_gte60_sign_pos,60,5470,3376,3192,865,0.03831027409521204,0.022848241506436384,0.5764411027568922,-0.15957910539266684,-0.06913928336171737,0.11792333108281394,0.22177434740601032,0.03981048085390396,0.03022947386591396,0.6219653179190752,6.927479923209781,8.367639398856801e-12,extended,raw,strong_state_confirmation,1.6735278797713603e-10
rvol_up2_pmarp_gte60_sign_pos_close_near_high,5,3148,3001,2985,833,0.002169909584181594,-0.0002724882668270201,0.49547738693467336,-0.05627040496239581,-0.025984006927890824,0.026487888817858796,0.06075616436853325,0.00457311432285772,0.0034183530319643976,0.5354141656662665,2.827812684312871,0.004799278588037688,extended,raw,strong_state_confirmation,0.0053325317644863195
rvol_up2_pmarp_gte60_sign_pos_close_near_high,10,3148,2870,2848,812,0.010075663539944006,0.00611601843782017,0.5449438202247191,-0.07064460957350314,-0.031413191128866896,0.044046314417670596,0.09046839776972739,0.010004867127444169,0.007037372585922225,0.562807881773399,4.284913818204455,2.047527113500054e-05,extended,raw,strong_state_confirmation,3.150041713077006e-05
rvol_up2_pmarp_gte60_sign_pos_close_near_high,20,3148,2719,2687,797,0.016057344472262477,0.009538325633627887,0.553405284704131,-0.0934184760021924,-0.042482981471658465,0.06503265844189399,0.12795664972711118,0.018530927579844245,0.01516200851224947,0.5984943538268507,5.559663761855871,3.690134192047921e-08,extended,raw,strong_state_confirmation,6.150223653413201e-08
rvol_up2_pmarp_gte60_sign_pos_close_near_high,40,3148,2467,2396,757,0.023893367212108243,0.01351259176063957,0.5417362270450752,-0.1373488502128981,-0.06292104218304612,0.09684392389786989,0.18554004508213073,0.03199066202813394,0.022927744507639958,0.6036988110964333,6.465997138849582,1.8049348075668193e-10,extended,raw,strong_state_confirmation,1.2032898717112129e-09
rvol_up2_pmarp_gte60_sign_pos_close_near_high,60,3148,2284,2158,721,0.03716756424930071,0.020861341915857423,0.566728452270621,-0.16151993751596136,-0.07059381691674602,0.11428382508782431,0.21506243068620085,0.04513536655645226,0.0294163135556883,0.6074895977808599,6.084103386813748,1.9023457353433485e-09,extended,raw,strong_state_confirmation,4.476618703846767e-09
rvol_up2_pmarp_lt30_close_near_low,5,3981,3747,3739,845,0.008177448863437452,0.007649555765498528,0.5752875100294196,-0.052355183681629704,-0.020502642656512027,0.03627575440500341,0.06740387268109761,0.00529780998984548,0.0038043725849714605,0.5372781065088758,3.531591642594633,0.0004354563023201538,extended,raw,low_state_rebound,0.00048384033591128206
rvol_up2_pmarp_lt30_close_near_low,10,3981,3586,3572,830,0.012007612073012671,0.00947238810142259,0.5750279955207167,-0.06614444794749884,-0.025825916206485333,0.04944833617358463,0.0895412010229229,0.0065930773537706214,0.005823741021632125,0.5566265060240964,3.5692069495571275,0.0003786449578968741,extended,raw,low_state_rebound,0.0004733061973710926
rvol_up2_pmarp_lt30_close_near_low,20,3981,3321,3284,798,0.022098822883261534,0.01887645746651523,0.5953105968331304,-0.08459319419817257,-0.03373230666696761,0.07242435841354028,0.13355258471567,0.010751865748772401,0.009720083759410886,0.550125313283208,4.0848721931338225,4.855857489019059e-05,extended,raw,low_state_rebound,8.093095815031766e-05
rvol_up2_pmarp_lt30_close_near_low,40,3981,2964,2843,752,0.034345559914335154,0.02376332987195906,0.5877594090749209,-0.11539430686026782,-0.04671051137983401,0.10243289202711481,0.19168141855964105,0.02361591268575793,0.01654264394867898,0.5904255319148937,5.426565720512182,7.757149554843496e-08,extended,raw,low_state_rebound,1.9392873887108738e-07
rvol_up2_pmarp_lt30_close_near_low,60,3981,2710,2515,719,0.051601377574806234,0.03465481866528508,0.6083499005964215,-0.1240602751501136,-0.04677991574999457,0.13101045992838212,0.23090269966003146,0.04110432287738088,0.028279746699187314,0.60778859527121,7.09799740979244,3.0459695828376594e-12,extended,raw,low_state_rebound,1.5229847914188298e-11
rvol_up2_pmarp_lt30_sign_neg,5,6484,5909,5883,985,0.0072821703243633705,0.007145112096867523,0.5679075301716812,-0.0545427794215046,-0.022214932115216357,0.036961303400029455,0.06915483058697566,0.004092423254067735,0.004326677346371655,0.5522842639593909,3.1767510363197156,0.0015357250041354658,extended,raw,low_state_rebound,0.0015357250041354658
rvol_up2_pmarp_lt30_sign_neg,10,6484,5502,5470,962,0.010121510745733746,0.009241713239837024,0.5643510054844607,-0.07242724994868689,-0.029127038894434354,0.049469462044045565,0.0886217994807527,0.006219921992853004,0.005415884705607809,0.5436590436590436,3.771903988213361,0.00017190885833317469,extended,raw,low_state_rebound,0.00024558408333310666
rvol_up2_pmarp_lt30_sign_neg,20,6484,4937,4878,929,0.020848738963103512,0.01717315097205052,0.5885608856088561,-0.08975510014595155,-0.03772940328932872,0.07206882369246204,0.1346912978617132,0.011281713972871713,0.010245875342392852,0.5694294940796556,4.571532412714123,5.496622650818831e-06,extended,raw,low_state_rebound,1.0993245301637662e-05
rvol_up2_pmarp_lt30_sign_neg,40,6484,4190,4028,875,0.03358639661866726,0.020589124677622417,0.5710029791459782,-0.12182113010549059,-0.05408636200175823,0.10635457917056634,0.19725570844189197,0.0210373226647196,0.013947632013930011,0.5657142857142857,5.910255056572968,4.8927877734270955e-09,extended,raw,low_state_rebound,1.630929257809032e-08
rvol_up2_pmarp_lt30_sign_neg,60,6484,3716,3474,817,0.04953120719201906,0.03346241557669771,0.5961427748992516,-0.1324111782427176,-0.056243447203078556,0.13019114433671503,0.23649864144787475,0.040625305911513164,0.025866207473552116,0.6132190942472461,7.839870972818424,1.4079797898597372e-14,extended,raw,low_state_rebound,1.4079797898597373e-13
pmarp_up2_accept_rvol_recent3,5,2720,2505,2497,658,0.0016828359595479523,-1.1582042566793405e-05,0.4985983179815779,-0.04766624568514124,-0.022431586417584803,0.023950862498081538,0.053604374009735146,0.00013170086339112864,-0.00040035932193405177,0.4939209726443769,0.08956227034987535,0.9286623628535298,extended,excess_spy,pmarp_rvol_lift,0.9695310801650832
pmarp_up2_accept_rvol_recent3,10,2720,2397,2382,648,0.0028609385614692196,0.0014950335725150699,0.5104953820319059,-0.06223727839032681,-0.02991190289010562,0.0323617298841169,0.06990257237997947,7.64917592717907e-05,0.0017031036652103149,0.5154320987654321,0.03821119727210371,0.9695310801650833,extended,excess_spy,pmarp_rvol_lift,0.9695310801650832
pmarp_up2_accept_rvol_recent3,20,2720,2285,2265,628,0.0033758096644175045,-0.0007774688478954239,0.49448123620309054,-0.08682196292687708,-0.044065005494328124,0.04606490945224162,0.09919676176017286,-0.0011669800184108195,-0.002495125898381967,0.4872611464968153,-0.38694361008109196,0.6989292485738134,extended,excess_spy,pmarp_rvol_lift,0.7891136677446281
pmarp_up2_accept_rvol_recent3,40,2720,2093,2007,598,0.010575246632444708,-0.0024246242395149498,0.49028400597907323,-0.12431363053015856,-0.0641784236994613,0.07103788420168716,0.1456883624125102,0.009095037388343122,-0.0038611357598344886,0.4765886287625418,1.4207002908986013,0.15592597404904904,extended,excess_spy,pmarp_rvol_lift,0.2832826624418594
pmarp_up2_accept_rvol_recent3,60,2720,1980,1829,563,0.020320898922279163,0.005728098444022667,0.5205030071077091,-0.14298848313618545,-0.07162090829119627,0.09013140018619814,0.17853322584724435,0.020721662037754628,0.005046157890321812,0.5168738898756661,2.3033644797156936,0.021622491968526038,extended,excess_spy,pmarp_rvol_lift,0.10811245984263018
pmarp_up2_accept_rvol_recent5,5,4071,3561,3550,784,0.0029335017839784176,0.0010093059128755133,0.5095774647887324,-0.04618224538761798,-0.0220724734101293,0.02466690447790787,0.05501717678417394,-0.0002977015252107383,-0.0006792007921945231,0.48596938775510207,-0.2265499618269276,0.8208328344389958,extended,excess_spy,pmarp_rvol_lift,0.8977859126676516
pmarp_up2_accept_rvol_recent5,10,4071,3366,3347,772,0.004559286123481423,0.002029514498292584,0.5159844636988348,-0.06155405914741312,-0.028805750902825444,0.03477930264275253,0.07290447573201339,-0.0007214989324589423,0.00061257350889757,0.5038860103626943,-0.4145160393841206,0.6786115250277535,extended,excess_spy,pmarp_rvol_lift,0.7891136677446281
pmarp_up2_accept_rvol_recent5,20,4071,3141,3113,740,0.004737947575913805,0.0005981458217243496,0.5043366527465467,-0.08656893713661003,-0.04385299410546195,0.04776438453530529,0.1011597772906544,-0.0011039375334033809,-0.0018646613251486984,0.4891891891891892,-0.4004490946419104,0.6889415066135274,extended,excess_spy,pmarp_rvol_lift,0.7891136677446281
pmarp_up2_accept_rvol_recent5,40,4071,2808,2688,702,0.009980933938335157,-0.0012943035615218257,0.4955357142857143,-0.1230568910729492,-0.06381660379422982,0.06960525000443646,0.14666283245897718,0.004811561934262944,-0.0025419744884337403,0.4829059829059829,0.8804846906382814,0.37889855334311506,extended,excess_spy,pmarp_rvol_lift,0.5525603902920427
pmarp_up2_accept_rvol_recent5,60,4071,2636,2434,659,0.019460092336190095,0.0056035331237046515,0.5201314708299096,-0.14259917440413644,-0.07144939053886329,0.09138872823801653,0.18353631844867846,0.01144119771015101,0.004483224543971875,0.5220030349013657,2.071051427327529,0.03874327891036345,extended,excess_spy,pmarp_rvol_lift,0.13560147618627208
pmarp_up2_accept_rvol_same_day,5,642,629,628,230,-0.0009170251498730936,-0.001593588125055223,0.4713375796178344,-0.05271302593917791,-0.02299020435919749,0.02136167487877294,0.05288006923057574,-0.0028686200229917215,-0.003964270329476799,0.45217391304347826,-1.0397022832833485,0.29957472583440037,extended,excess_spy,pmarp_rvol_lift,0.47659615473654604
pmarp_up2_accept_rvol_same_day,10,642,622,621,230,0.0022056930966111755,0.0016600449486539048,0.5152979066022544,-0.058546569156407324,-0.028848775481078226,0.030602083316679685,0.06485486559183351,-0.00015637328729417203,-0.002446186863574701,0.49130434782608695,-0.03994129940047009,0.9681747247748396,extended,excess_spy,pmarp_rvol_lift,0.9695310801650832
pmarp_up2_accept_rvol_same_day,20,642,615,614,225,0.006594786039221721,0.0009092937854371375,0.506514657980456,-0.08787013924010928,-0.038050340351465956,0.04956549094624657,0.10626211600629855,0.003862274948387323,-0.0029794281223405328,0.48,0.6509089663160178,0.515772388724903,extended,excess_spy,pmarp_rvol_lift,0.6943089848219848
pmarp_up2_accept_rvol_same_day,40,642,599,586,217,0.01640974692690747,0.006092815519017192,0.5255972696245734,-0.11728911197726188,-0.054058904818027276,0.07978805453143362,0.15646257565653832,0.012680089989433341,-0.00044065656565894784,0.4976958525345622,1.7037377355909762,0.08986825262651588,extended,excess_spy,pmarp_rvol_lift,0.19393322978876626
pmarp_up2_accept_rvol_same_day,60,642,591,564,202,0.026080686078407234,0.007023684496705929,0.524822695035461,-0.141551859904293,-0.07163516661758634,0.10324851029046653,0.19538497784765668,0.024279911901513906,0.00910739447655301,0.5346534653465347,1.65376034818629,0.09973708960565121,extended,excess_spy,pmarp_rvol_lift,0.19393322978876626
pmarp_up2_base,5,9936,7835,7809,925,0.0024222761371950697,0.0005639102711735289,0.5062107824305289,-0.04596079881932284,-0.021790426999509394,0.024475650244095926,0.05368831410719104,0.001104179257694228,-0.00027639434009907315,0.4962162162162162,1.0721710895311247,0.2839231400494292,extended,excess_spy,pmarp_rvol_lift,0.4732052334157153
pmarp_up2_base,10,9936,6754,6707,887,0.004366724117753074,0.0014135106141353049,0.5121514835246758,-0.06346496587295447,-0.029562982900651125,0.03490179354722933,0.07552404732466239,0.0007065202092442943,-0.0004419349037404763,0.4904171364148816,0.5056667991476179,0.6132163547061202,extended,excess_spy,pmarp_rvol_lift,0.7665204433826504
pmarp_up2_base,20,9936,5827,5748,853,0.005908747472974797,0.0004032047449747944,0.5024356297842728,-0.08752258892913642,-0.04410730090243187,0.05014349697125364,0.10273385739644932,0.002380493993260533,-0.0003853001320225091,0.49824150058616645,0.9723928573849674,0.33113112292275554,extended,excess_spy,pmarp_rvol_lift,0.5038951870563672
pmarp_up2_base,40,9936,4799,4550,797,0.012302030497815187,0.00018826169361690903,0.5004395604395604,-0.12353032557846302,-0.06450155614567088,0.07296131644733472,0.15293158423020975,0.009744130086189103,-0.0009711896674491349,0.4968632371392723,1.8746127197527667,0.061212020880715166,extended,excess_spy,pmarp_rvol_lift,0.1748100932698258
pmarp_up2_base,60,9936,4287,3942,740,0.018424102391486192,0.0017076240499537265,0.5045662100456622,-0.1501434104962815,-0.07715409784242208,0.09499695176969564,0.1839143455842984,0.017266405193150296,0.0013575828953413804,0.5081081081081081,2.995156700114558,0.0028346970595904044,extended,excess_spy,pmarp_rvol_lift,0.021587620939490675
pmarp_up2_reject_rvol_recent3,5,7216,5891,5872,855,0.002536912046913778,0.0008258149806047443,0.5088555858310627,-0.044777350639497615,-0.02131818035943675,0.024455098152977056,0.053267095293242354,0.0021573333896875097,0.00021195325072373032,0.5052631578947369,1.848127590419907,0.06492946321450672,extended,excess_spy,pmarp_rvol_lift,0.1748100932698258
pmarp_up2_reject_rvol_recent3,10,7216,5211,5177,825,0.0048807497279084585,0.0015797893184008593,0.5126521151245895,-0.06315862801273045,-0.02936144122540718,0.03578525571298696,0.0773117001325825,0.0025630964191484125,0.0011160421055114538,0.5151515151515151,1.663812935449942,0.09653003963440185,extended,excess_spy,pmarp_rvol_lift,0.19393322978876626
pmarp_up2_reject_rvol_recent3,20,7216,4606,4536,788,0.0068946118851012286,0.0012593351204237546,0.5066137566137566,-0.08647299875560793,-0.04301414225632191,0.05059709771816806,0.10184233519251329,0.00606801208782133,0.002372757762711811,0.5203045685279187,2.193899944899841,0.028534303723514735,extended,excess_spy,pmarp_rvol_lift,0.11186885751590532
pmarp_up2_reject_rvol_recent3,40,7216,3960,3719,737,0.012332009229414369,0.0022176679634842156,0.5082011293358429,-0.120778108038654,-0.06304913901562226,0.07210503916263544,0.15384400412704888,0.010013864398428267,0.002415429707261861,0.514246947082768,2.519724086470944,0.011955264948584359,extended,excess_spy,pmarp_rvol_lift,0.06973904553340876
pmarp_up2_reject_rvol_recent3,60,7216,3588,3286,677,0.020563377683030844,0.0035183551405176816,0.5133901399878271,-0.14765398593242546,-0.0761604427686457,0.10130559755571239,0.19070185223793407,0.02073700236949292,0.008532855690075529,0.5406203840472673,3.742044418175144,0.00019803802645438262,extended,excess_spy,pmarp_rvol_lift,0.003465665462951696
pmarp_up2_reject_rvol_recent5,5,5865,4807,4791,774,0.002191601948258997,0.0006835022663559398,0.5086620747234398,-0.044784014407609485,-0.021065771047225956,0.024051571094318602,0.051931786899559684,0.002207568048825078,-0.00010884692642454397,0.49870801033591733,1.6992947492179034,0.0896660024462752,extended,excess_spy,pmarp_rvol_lift,0.19393322978876626
pmarp_up2_reject_rvol_recent5,10,5865,4325,4295,745,0.0047077911530532725,0.001848313196660234,0.5161816065192084,-0.06405228568418642,-0.029415882170859053,0.03576135094698352,0.07644949094134947,0.003105272313856372,0.0016279685425977981,0.5234899328859061,1.6892343640352987,0.09159350498105936,extended,excess_spy,pmarp_rvol_lift,0.19393322978876626
pmarp_up2_reject_rvol_recent5,20,5865,3895,3825,713,0.007124267147143613,0.0004044034934380658,0.502483660130719,-0.08645223637953653,-0.042939102892904035,0.05030855275283397,0.10361374148349439,0.006748648905323403,0.0005073617427229504,0.5049088359046283,2.191122482895734,0.028766277646947083,extended,excess_spy,pmarp_rvol_lift,0.11186885751590532
pmarp_up2_reject_rvol_recent5,40,5865,3415,3184,660,0.013707536890157981,0.002903607545767517,0.512248743718593,-0.11990344224357546,-0.062080596014290196,0.07301289526861887,0.15401687166124498,0.012862362604390817,0.0012497047179063359,0.509090909090909,2.9702353124918233,0.0030839458484986674,extended,excess_spy,pmarp_rvol_lift,0.021587620939490675
pmarp_up2_reject_rvol_recent5,60,5865,3114,2837,606,0.02171919507648021,0.0027278385778743974,0.511455763130067,-0.14740722350835525,-0.0746665046086522,0.10217771059457403,0.1905355849416587,0.024305452619909802,0.01130602755326604,0.5429042904290429,4.010505908404855,6.816962399682108e-05,extended,excess_spy,pmarp_rvol_lift,0.002385936839888738
pmarp_up2_reject_rvol_same_day,5,9294,7400,7375,914,0.002545332416618163,0.0008309677347635436,0.5091525423728813,-0.04589104866103848,-0.02184656709520133,0.024589946054262235,0.05372331094260508,0.0014437528065870558,-0.0003009674775065279,0.49452954048140046,1.3999239081050583,0.16187580710963395,extended,excess_spy,pmarp_rvol_lift,0.2832826624418594
pmarp_up2_reject_rvol_same_day,10,9294,6414,6368,873,0.004566030547096248,0.001526314953229413,0.5130339195979899,-0.06364143920775571,-0.029600258933127482,0.035174297933621174,0.07581524656448597,0.000834568032144768,-0.0003815123407341636,0.49713631156930127,0.600414826416571,0.5483858171109725,extended,excess_spy,pmarp_rvol_lift,0.7108705036623717
pmarp_up2_reject_rvol_same_day,20,9294,5565,5486,845,0.005761109247202437,0.0003975615974330937,0.5023696682464455,-0.08760789866145668,-0.0448772130423164,0.05021572162278998,0.10279389505833048,0.0018574865774320596,-0.0016701722240885508,0.4911242603550296,0.7807853466609391,0.43514768591582986,extended,excess_spy,pmarp_rvol_lift,0.6092067602821618
pmarp_up2_reject_rvol_same_day,40,9294,4626,4379,792,0.01181860797938342,0.00012163236301476754,0.5003425439598082,-0.12385537152613514,-0.0650911138768886,0.07292933886509423,0.15168453115527936,0.010433275607751936,0.00041990870489813095,0.5012626262626263,2.0159165038259323,0.0441463637154907,extended,excess_spy,pmarp_rvol_lift,0.14046570273110678
pmarp_up2_reject_rvol_same_day,60,9294,4134,3792,739,0.01852295759861483,0.0018098041812191767,0.5052742616033755,-0.14995559322659552,-0.0771455212899034,0.09531360455180815,0.1843016141855153,0.01756330386777942,0.0019096012658248451,0.5142083897158322,3.019240871478484,0.0026214288689750463,extended,excess_spy,pmarp_rvol_lift,0.021587620939490675
rvol_up2_pmarp_gte60,5,8410,7353,7315,1063,0.0017216309596977879,-0.00023512782493917417,0.49774436090225566,-0.050274889386817644,-0.024166716846671987,0.02484915342891958,0.05429726712190233,0.0007721769129152616,-6.439845713934744e-05,0.49764816556914393,0.8135194310803271,0.4161026610358967,extended,excess_spy,strong_state_confirmation,0.41610266103589677
rvol_up2_pmarp_gte60,10,8410,6687,6639,1050,0.0034742577050489976,-0.0002826241245175165,0.49736406085253804,-0.067797519178821,-0.031942226498118065,0.03446901626888349,0.07521716889115079,0.001944703458027025,8.985543746003228e-05,0.5019047619047619,1.404504091306449,0.16046481216521083,extended,excess_spy,strong_state_confirmation,0.17371066337808583
rvol_up2_pmarp_gte60,20,8410,5886,5801,1019,0.006238429705373978,6.619771402038843e-05,0.5011204964661266,-0.09113661771631054,-0.04606540887487576,0.048712032852227916,0.10504728412390285,0.007002715374976399,0.0044067490099778395,0.5328753680078508,3.209734617982353,0.0013701213801719664,extended,excess_spy,strong_state_confirmation,0.006850606900859832
rvol_up2_pmarp_gte60,40,8410,4897,4759,972,0.007953564529477758,-0.0028829411244474246,0.49022903971422566,-0.1345855802144585,-0.07043442015175888,0.06848556208537904,0.15635957242462795,0.00661274410418711,0.0016554457918054647,0.5102880658436214,2.0129283221581593,0.044397792045168284,extended,excess_spy,strong_state_confirmation,0.06342541720738326
rvol_up2_pmarp_gte60,60,8410,4296,4079,914,0.011214214290706646,-0.004058253429270797,0.4851679333169895,-0.16107934812193989,-0.08743358120371053,0.0839912245212262,0.18272788824049097,0.015073740694615253,0.0018010060225720603,0.5076586433260394,2.8825764806955636,0.004036908509000843,extended,excess_spy,strong_state_confirmation,0.008970907797779652
rvol_up2_pmarp_gte60_close_near_high,5,3708,3500,3484,874,0.0019157162817289228,-0.0006240200062316847,0.49425947187141217,-0.05015311958840208,-0.025468045454661165,0.024355016605728474,0.05380508292815459,0.0019501872215157453,0.000523208375772416,0.5102974828375286,1.3895325745148677,0.16502513020918153,extended,excess_spy,strong_state_confirmation,0.17371066337808583
rvol_up2_pmarp_gte60_close_near_high,10,3708,3329,3304,854,0.005020961638821545,-2.508264021261475e-05,0.49969733656174337,-0.06949706155826528,-0.0318094584295604,0.03573065682242496,0.07803653493981635,0.004268140576187081,0.0008312342593444627,0.5081967213114754,2.0885375851217303,0.037045349688002854,extended,excess_spy,strong_state_confirmation,0.056992845673850545
rvol_up2_pmarp_gte60_close_near_high,20,3708,3124,3087,833,0.00838412073615081,0.00280020279446358,0.5199222546161322,-0.08981838977166526,-0.045730302607524365,0.05243788222651152,0.1085964327582337,0.008384397975389929,0.0024258504802148195,0.5282112845138055,2.9281717444132127,0.003502642238074526,extended,excess_spy,strong_state_confirmation,0.008970907797779652
rvol_up2_pmarp_gte60_close_near_high,40,3708,2794,2718,794,0.01168277532874128,-0.0017361015874699515,0.4952170713760118,-0.13537498016726698,-0.06990742330707805,0.07334077315554394,0.16395472080712933,0.012430345728653805,0.001724427192629427,0.5088161209068011,2.8975595144454678,0.00386440058410214,extended,excess_spy,strong_state_confirmation,0.008970907797779652
rvol_up2_pmarp_gte60_close_near_high,60,3708,2571,2435,761,0.015149636242646937,-0.005507043527855693,0.4817248459958932,-0.15839250850661118,-0.0864531466776648,0.08578271761268252,0.18603016742881578,0.01720564308685491,-0.001940670301735355,0.48620236530880423,2.610274329547412,0.009225136616148688,extended,excess_spy,strong_state_confirmation,0.016772975665724887
rvol_up2_pmarp_gte60_sign_pos,5,5470,5020,4992,1006,0.0020810140730437698,-0.0004859987985544878,0.49559294871794873,-0.0528723045113213,-0.02590540550252965,0.0267598963189096,0.057700819568572294,0.0018671358920630745,0.00013764594372915143,0.5049701789264414,1.5436077781289896,0.12299818376351959,extended,excess_spy,strong_state_confirmation,0.1591103013066914
rvol_up2_pmarp_gte60_sign_pos,10,5470,4713,4680,988,0.004545210797613333,0.0004454624741284663,0.5036324786324786,-0.07124114708595249,-0.032985967645868,0.03641582338814514,0.08183928880363696,0.002314092870675962,-0.0004545524451987378,0.49291497975708504,1.4391908450377122,0.15041350928170677,extended,excess_spy,strong_state_confirmation,0.17371066337808583
rvol_up2_pmarp_gte60_sign_pos,20,5470,4300,4241,965,0.009423680205366576,0.00210855502856111,0.5152086771987738,-0.09168060790201249,-0.04507024190470377,0.05252433654628119,0.11549550535814168,0.008896873382893489,0.004448976826359086,0.5274611398963731,3.749332773621466,0.0001878617844444565,extended,excess_spy,strong_state_confirmation,0.0029801707195477485
rvol_up2_pmarp_gte60_sign_pos,40,5470,3753,3648,911,0.010222410176722447,-0.0011632900138552893,0.4956140350877193,-0.13575737326700751,-0.07142795706351676,0.07238192045670525,0.16258426097304177,0.009737058614346426,0.0012055110556850046,0.5071350164654226,2.710387533952696,0.006846932437722349,extended,excess_spy,strong_state_confirmation,0.013693864875444698
rvol_up2_pmarp_gte60_sign_pos,60,5470,3376,3192,865,0.016283573982344455,-0.001554699327259712,0.4924812030075188,-0.1620939970390833,-0.08842155802083301,0.09119686143775374,0.19197220794042746,0.016474921241740142,0.0016117681138314243,0.5086705202312138,3.1119600433163197,0.0019196138941356192,extended,excess_spy,strong_state_confirmation,0.007577298286296449
rvol_up2_pmarp_gte60_sign_pos_close_near_high,5,3148,3001,2985,833,0.0018793839775061462,-0.0009512776779558862,0.490787269681742,-0.05180826994927825,-0.026383991129400597,0.025707028641666296,0.05647184961292235,0.00228548192184258,0.0006626839414663743,0.5114045618247299,1.5264083430396214,0.12728824104535313,extended,excess_spy,strong_state_confirmation,0.1591103013066914
rvol_up2_pmarp_gte60_sign_pos_close_near_high,10,3148,2870,2848,812,0.005725309737239714,0.00041010117504097776,0.5028089887640449,-0.07232745029187417,-0.03250471295548554,0.03698525445226131,0.08261720718879893,0.005358520044319029,0.0009274834758874612,0.5110837438423645,2.4756883910561767,0.01350115276429059,extended,excess_spy,strong_state_confirmation,0.022501921273817647
rvol_up2_pmarp_gte60_sign_pos_close_near_high,20,3148,2719,2687,797,0.009311143677754381,0.00314350303464761,0.5206550055824339,-0.09019450220167566,-0.046554220182746964,0.053416276528565065,0.11340676693448867,0.009793176334886348,0.004441974416688328,0.5294855708908407,3.2246496882389404,0.0013127206819561065,extended,excess_spy,strong_state_confirmation,0.006850606900859832
rvol_up2_pmarp_gte60_sign_pos_close_near_high,40,3148,2467,2396,757,0.012550107757326493,-0.0018568362934400229,0.494991652754591,-0.13771685410765278,-0.07125596841086496,0.07671164579695677,0.16658122554204796,0.016764749872404183,0.00585623487616399,0.52443857331572,3.6339327230901715,0.00029801707195477485,extended,excess_spy,strong_state_confirmation,0.0029801707195477485
rvol_up2_pmarp_gte60_sign_pos_close_near_high,60,3148,2284,2158,721,0.017361958688220158,-0.003987532511074698,0.4870250231696015,-0.16193675083920472,-0.08995217297494912,0.09006503568213589,0.19161990489736586,0.021590672502004374,0.000131948990177988,0.5006934812760055,3.062970943851179,0.0022731894858889347,extended,excess_spy,strong_state_confirmation,0.007577298286296449
rvol_up2_pmarp_lt30_close_near_low,5,3981,3747,3739,845,0.0020617553250004326,0.0012534240505372996,0.5161807970045467,-0.051562140465879765,-0.02212617585458604,0.02571142147564831,0.053922911639264964,0.002237144591684063,0.00034550887232714933,0.5100591715976331,1.770710331264604,0.0769697802565523,extended,excess_spy,low_state_rebound,0.25656593418850765
rvol_up2_pmarp_lt30_close_near_low,10,3981,3586,3572,830,0.0036877519025565347,0.0013920762770168182,0.5151175811870101,-0.063876622721184,-0.02872803112576247,0.03482606804272448,0.07384445234641242,0.001353630099575633,0.0005276314803409947,0.5084337349397591,0.8646846492556172,0.38746203025886905,extended,excess_spy,low_state_rebound,0.4843275378235863
rvol_up2_pmarp_lt30_close_near_low,20,3981,3321,3284,798,0.0027350206742926438,-0.0019160627189558355,0.48629719853836784,-0.09154755965436623,-0.04562949723994972,0.047346527993882226,0.10237991190873545,0.0011238216875948356,0.0005932466586281993,0.5050125313283208,0.47689932792816037,0.6335645411484724,extended,excess_spy,low_state_rebound,0.6335645411484724
rvol_up2_pmarp_lt30_close_near_low,40,3981,2964,2843,752,0.008032169975386074,-0.0018081951248909434,0.49349278930707,-0.12930163671003045,-0.06608279726401334,0.07112691008015276,0.1492425922072909,0.0052905901935858595,-0.002787027937057605,0.4853723404255319,1.286435840402881,0.19868742605584142,extended,excess_spy,low_state_rebound,0.4843275378235863
rvol_up2_pmarp_lt30_close_near_low,60,3981,2710,2515,719,0.015248885365099132,-0.0014197672933251582,0.49463220675944336,-0.1554949497298053,-0.07894920177545062,0.08946513874908446,0.1813194696091251,0.013384286462285743,-0.001992244716281455,0.48956884561891517,2.391299865078395,0.017045315692915723,extended,excess_spy,low_state_rebound,0.08522657846457862
rvol_up2_pmarp_lt30_sign_neg,5,6484,5909,5883,985,0.0013372712732207456,0.001065536845863635,0.5114737378888322,-0.053185366276597514,-0.023725524873414616,0.025845959097393678,0.05492695388028595,0.001075674835049989,0.00019574897077352066,0.5015228426395939,1.009082681705039,0.3131830478376953,extended,excess_spy,low_state_rebound,0.4843275378235863
rvol_up2_pmarp_lt30_sign_neg,10,6484,5502,5470,962,0.0030613928497445347,0.0018193081925320653,0.5195612431444241,-0.06792629691152234,-0.030628424456546427,0.035042981774733334,0.07479575299055885,0.0007744301096496292,0.00029344272369595525,0.5051975051975052,0.5623197594650657,0.5740293152838873,extended,excess_spy,low_state_rebound,0.6335645411484724
rvol_up2_pmarp_lt30_sign_neg,20,6484,4937,4878,929,0.00352237384471118,-0.0006483497815921169,0.495489954899549,-0.09251266220001304,-0.04630179659086711,0.049409518560161986,0.1040796503997988,0.0019069013324681083,-0.00042683747523758475,0.49623250807319697,0.8844906509646989,0.3766605073358048,extended,excess_spy,low_state_rebound,0.4843275378235863
rvol_up2_pmarp_lt30_sign_neg,40,6484,4190,4028,875,0.008595977589849297,-0.0008789059979241731,0.49602780536246277,-0.13193191436251772,-0.07037031282131823,0.07247816875712904,0.15263849625097414,0.00355089955799479,-0.0017578349735365181,0.49028571428571427,1.1226838508185262,0.2618800982407842,extended,excess_spy,low_state_rebound,0.4843275378235863
rvol_up2_pmarp_lt30_sign_neg,60,6484,3716,3474,817,0.014641883756025792,-0.00300897878612838,0.48791018998272884,-0.1581530743134931,-0.0846258771878245,0.08931331510739915,0.18825496368739644,0.014685601747414147,0.0027899362094233604,0.5201958384332925,3.010790780054338,0.0026859993271362505,extended,excess_spy,low_state_rebound,0.026859993271362504
